max_depth,min_samples_split,criterion,accuracy,precision,recall,f1_score
3,3,entropy,0.8322374204437568,0.7030379746835443,0.4356078431372549,0.5379176755447942
3,4,entropy,0.8322374204437568,0.7030379746835443,0.4356078431372549,0.5379176755447942
3,5,entropy,0.8322374204437568,0.7030379746835443,0.4356078431372549,0.5379176755447942
3,6,entropy,0.8322374204437568,0.7030379746835443,0.4356078431372549,0.5379176755447942
3,7,entropy,0.8322374204437568,0.7030379746835443,0.4356078431372549,0.5379176755447942
3,8,entropy,0.8322374204437568,0.7030379746835443,0.4356078431372549,0.5379176755447942
3,9,entropy,0.8322374204437568,0.7030379746835443,0.4356078431372549,0.5379176755447942
3,10,entropy,0.8322374204437568,0.7030379746835443,0.4356078431372549,0.5379176755447942
3,11,entropy,0.8322374204437568,0.7030379746835443,0.4356078431372549,0.5379176755447942
3,12,entropy,0.8322374204437568,0.7030379746835443,0.4356078431372549,0.5379176755447942
3,13,entropy,0.8322374204437568,0.7030379746835443,0.4356078431372549,0.5379176755447942
3,14,entropy,0.8322374204437568,0.7030379746835443,0.4356078431372549,0.5379176755447942
3,15,entropy,0.8322374204437568,0.7030379746835443,0.4356078431372549,0.5379176755447942
3,16,entropy,0.8322374204437568,0.7030379746835443,0.4356078431372549,0.5379176755447942
3,17,entropy,0.8322374204437568,0.7030379746835443,0.4356078431372549,0.5379176755447942
3,18,entropy,0.8322374204437568,0.7030379746835443,0.4356078431372549,0.5379176755447942
3,19,entropy,0.8322374204437568,0.7030379746835443,0.4356078431372549,0.5379176755447942
3,20,entropy,0.8322374204437568,0.7030379746835443,0.4356078431372549,0.5379176755447942
4,3,entropy,0.8356482295439361,0.7263774287995741,0.42807843137254903,0.5386893012238453
4,4,entropy,0.8356482295439361,0.7263774287995741,0.42807843137254903,0.5386893012238453
4,5,entropy,0.8356482295439361,0.7263774287995741,0.42807843137254903,0.5386893012238453
4,6,entropy,0.8356482295439361,0.7263774287995741,0.42807843137254903,0.5386893012238453
4,7,entropy,0.8356482295439361,0.7263774287995741,0.42807843137254903,0.5386893012238453
4,8,entropy,0.8356482295439361,0.7263774287995741,0.42807843137254903,0.5386893012238453
4,9,entropy,0.8356482295439361,0.7263774287995741,0.42807843137254903,0.5386893012238453
4,10,entropy,0.8356482295439361,0.7263774287995741,0.42807843137254903,0.5386893012238453
4,11,entropy,0.8356482295439361,0.7263774287995741,0.42807843137254903,0.5386893012238453
4,12,entropy,0.8356482295439361,0.7263774287995741,0.42807843137254903,0.5386893012238453
4,13,entropy,0.8356482295439361,0.7263774287995741,0.42807843137254903,0.5386893012238453
4,14,entropy,0.8356482295439361,0.7263774287995741,0.42807843137254903,0.5386893012238453
4,15,entropy,0.8356482295439361,0.7263774287995741,0.42807843137254903,0.5386893012238453
4,16,entropy,0.8356482295439361,0.7263774287995741,0.42807843137254903,0.5386893012238453
4,17,entropy,0.8356482295439361,0.7263774287995741,0.42807843137254903,0.5386893012238453
4,18,entropy,0.8356482295439361,0.7263774287995741,0.42807843137254903,0.5386893012238453
4,19,entropy,0.8356482295439361,0.7263774287995741,0.42807843137254903,0.5386893012238453
4,20,entropy,0.8356482295439361,0.7263774287995741,0.42807843137254903,0.5386893012238453
5,3,entropy,0.8385315939379022,0.7121103973352367,0.4694901960784314,0.5658914728682171
5,4,entropy,0.8385315939379022,0.7121103973352367,0.4694901960784314,0.5658914728682171
5,5,entropy,0.8385315939379022,0.7121103973352367,0.4694901960784314,0.5658914728682171
5,6,entropy,0.8385315939379022,0.7121103973352367,0.4694901960784314,0.5658914728682171
5,7,entropy,0.8385315939379022,0.7121103973352367,0.4694901960784314,0.5658914728682171
5,8,entropy,0.8385315939379022,0.7121103973352367,0.4694901960784314,0.5658914728682171
5,9,entropy,0.8385315939379022,0.7121103973352367,0.4694901960784314,0.5658914728682171
5,10,entropy,0.8385315939379022,0.7121103973352367,0.4694901960784314,0.5658914728682171
5,11,entropy,0.8385315939379022,0.7121103973352367,0.4694901960784314,0.5658914728682171
5,12,entropy,0.8385315939379022,0.7121103973352367,0.4694901960784314,0.5658914728682171
5,13,entropy,0.8385315939379022,0.7121103973352367,0.4694901960784314,0.5658914728682171
5,14,entropy,0.8385315939379022,0.7121103973352367,0.4694901960784314,0.5658914728682171
5,15,entropy,0.8385315939379022,0.7121103973352367,0.4694901960784314,0.5658914728682171
5,16,entropy,0.8385315939379022,0.7121103973352367,0.4694901960784314,0.5658914728682171
5,17,entropy,0.8385315939379022,0.7121103973352367,0.4694901960784314,0.5658914728682171
5,18,entropy,0.8385315939379022,0.7121103973352367,0.4694901960784314,0.5658914728682171
5,19,entropy,0.8385315939379022,0.7121103973352367,0.4694901960784314,0.5658914728682171
5,20,entropy,0.8385315939379022,0.7121103973352367,0.4694901960784314,0.5658914728682171
6,3,entropy,0.840571046801927,0.7283552468370131,0.4605490196078431,0.5642898327887756
6,4,entropy,0.840571046801927,0.7283552468370131,0.4605490196078431,0.5642898327887756
6,5,entropy,0.840571046801927,0.7283552468370131,0.4605490196078431,0.5642898327887756
6,6,entropy,0.840571046801927,0.7283552468370131,0.4605490196078431,0.5642898327887756
6,7,entropy,0.840571046801927,0.7283552468370131,0.4605490196078431,0.5642898327887756
6,8,entropy,0.840571046801927,0.7283552468370131,0.4605490196078431,0.5642898327887756
6,9,entropy,0.840571046801927,0.7283552468370131,0.4605490196078431,0.5642898327887756
6,10,entropy,0.840571046801927,0.7283552468370131,0.4605490196078431,0.5642898327887756
6,11,entropy,0.840571046801927,0.7283552468370131,0.4605490196078431,0.5642898327887756
6,12,entropy,0.840571046801927,0.7283552468370131,0.4605490196078431,0.5642898327887756
6,13,entropy,0.840571046801927,0.7283552468370131,0.4605490196078431,0.5642898327887756
6,14,entropy,0.840571046801927,0.7283552468370131,0.4605490196078431,0.5642898327887756
6,15,entropy,0.840571046801927,0.7283552468370131,0.4605490196078431,0.5642898327887756
6,16,entropy,0.840571046801927,0.7283552468370131,0.4605490196078431,0.5642898327887756
6,17,entropy,0.840571046801927,0.7283552468370131,0.4605490196078431,0.5642898327887756
6,18,entropy,0.840571046801927,0.7283552468370131,0.4605490196078431,0.5642898327887756
6,19,entropy,0.840571046801927,0.7283552468370131,0.4605490196078431,0.5642898327887756
6,20,entropy,0.840571046801927,0.7283552468370131,0.4605490196078431,0.5642898327887756
7,3,entropy,0.8406062097823411,0.7287630402384501,0.4602352941176471,0.5641765214883183
7,4,entropy,0.8406062097823411,0.7287630402384501,0.4602352941176471,0.5641765214883183
7,5,entropy,0.8406062097823411,0.7287630402384501,0.4602352941176471,0.5641765214883183
7,6,entropy,0.8406062097823411,0.7287630402384501,0.4602352941176471,0.5641765214883183
7,7,entropy,0.8406062097823411,0.7287630402384501,0.4602352941176471,0.5641765214883183
7,8,entropy,0.8406062097823411,0.7287630402384501,0.4602352941176471,0.5641765214883183
7,9,entropy,0.8406062097823411,0.7287630402384501,0.4602352941176471,0.5641765214883183
7,10,entropy,0.8406062097823411,0.7287630402384501,0.4602352941176471,0.5641765214883183
7,11,entropy,0.8406062097823411,0.7287630402384501,0.4602352941176471,0.5641765214883183
7,12,entropy,0.8406062097823411,0.7287630402384501,0.4602352941176471,0.5641765214883183
7,13,entropy,0.8406062097823411,0.7287630402384501,0.4602352941176471,0.5641765214883183
7,14,entropy,0.8406062097823411,0.7287630402384501,0.4602352941176471,0.5641765214883183
7,15,entropy,0.8406062097823411,0.7287630402384501,0.4602352941176471,0.5641765214883183
7,16,entropy,0.8406062097823411,0.7287630402384501,0.4602352941176471,0.5641765214883183
7,17,entropy,0.8406062097823411,0.7287630402384501,0.4602352941176471,0.5641765214883183
7,18,entropy,0.8406062097823411,0.7287630402384501,0.4602352941176471,0.5641765214883183
7,19,entropy,0.8406062097823411,0.7287630402384501,0.4602352941176471,0.5641765214883183
7,20,entropy,0.8406062097823411,0.7287630402384501,0.4602352941176471,0.5641765214883183
8,3,entropy,0.8430676184113366,0.735236220472441,0.4687058823529412,0.5724686272631478
8,4,entropy,0.8430676184113366,0.735236220472441,0.4687058823529412,0.5724686272631478
8,5,entropy,0.8430676184113366,0.735236220472441,0.4687058823529412,0.5724686272631478
8,6,entropy,0.8430676184113366,0.735120511559272,0.4688627450980392,0.5725505219806531
8,7,entropy,0.8430676184113366,0.735120511559272,0.4688627450980392,0.5725505219806531
8,8,entropy,0.8430324554309223,0.7350553505535056,0.4687058823529412,0.5724137931034483
8,9,entropy,0.8430324554309223,0.7350553505535056,0.4687058823529412,0.5724137931034483
8,10,entropy,0.8430324554309223,0.7350553505535056,0.4687058823529412,0.5724137931034483
8,11,entropy,0.8430324554309223,0.7350553505535056,0.4687058823529412,0.5724137931034483
8,12,entropy,0.8430324554309223,0.7351710558700467,0.4685490196078431,0.5723318643418279
8,13,entropy,0.8430324554309223,0.7351710558700467,0.4685490196078431,0.5723318643418279
8,14,entropy,0.8430324554309223,0.7351710558700467,0.4685490196078431,0.5723318643418279
8,15,entropy,0.8430324554309223,0.7351710558700467,0.4685490196078431,0.5723318643418279
8,16,entropy,0.8430324554309223,0.7351710558700467,0.4685490196078431,0.5723318643418279
8,17,entropy,0.8430324554309223,0.7351710558700467,0.4685490196078431,0.5723318643418279
8,18,entropy,0.8430324554309223,0.7351710558700467,0.4685490196078431,0.5723318643418279
8,19,entropy,0.8430324554309223,0.7351710558700467,0.4685490196078431,0.5723318643418279
8,20,entropy,0.8430324554309223,0.7351710558700467,0.4685490196078431,0.5723318643418279
9,3,entropy,0.8429621294700939,0.7278586774886607,0.47827450980392155,0.5772434683831882
9,4,entropy,0.8429972924505081,0.7280324737344794,0.47827450980392155,0.5772981160655116
9,5,entropy,0.8428566405288512,0.7278813964610235,0.47749019607843135,0.5766789807710524
9,6,entropy,0.8429269664896797,0.7281205164992827,0.4776470588235294,0.5768684285308326
9,7,entropy,0.8429621294700939,0.7280764635603345,0.4779607843137255,0.5770833333333334
9,8,entropy,0.8428566405288512,0.7278813964610235,0.47749019607843135,0.5766789807710524
9,9,entropy,0.8429621294700939,0.7281855127898638,0.47780392156862744,0.5770032203068763
9,10,entropy,0.8428918035092654,0.728055489117436,0.47749019607843135,0.5767336112163698
9,11,entropy,0.8429972924505081,0.7282504780114722,0.4779607843137255,0.5771379865517569
9,12,entropy,0.8430324554309223,0.7285338435780914,0.47780392156862744,0.5771125426297841
9,13,entropy,0.8429621294700939,0.7282946663477637,0.4776470588235294,0.576923076923077
9,14,entropy,0.8429621294700939,0.7284039243838238,0.47749019607843135,0.5768429031646769
9,15,entropy,0.8428566405288512,0.7279904306220095,0.47733333333333333,0.5765987683562291
9,16,entropy,0.8428918035092654,0.7281646326872457,0.47733333333333333,0.5766534015539131
9,17,entropy,0.8429621294700939,0.7281855127898638,0.47780392156862744,0.5770032203068763
9,18,entropy,0.8427159886071943,0.7277298850574713,0.4767058823529412,0.5760591413136196
9,19,entropy,0.8427159886071943,0.7277298850574713,0.4767058823529412,0.5760591413136196
9,20,entropy,0.8428566405288512,0.7278813964610235,0.47749019607843135,0.5766789807710524
10,3,entropy,0.841063328527726,0.7173658307944691,0.48015686274509806,0.5752678068032324
10,4,entropy,0.8411336544885545,0.7176001874853527,0.4803137254901961,0.5754557414019922
10,5,entropy,0.841063328527726,0.7176719080028162,0.47968627450980394,0.575028206092516
10,6,entropy,0.840887513625655,0.7171361502347418,0.4792156862745098,0.5745181006111894
10,7,entropy,0.8408171876648265,0.7163934426229508,0.47984313725490196,0.5747299201503053
10,8,entropy,0.840887513625655,0.7167291471415183,0.47984313725490196,0.5748379216386358
10,9,entropy,0.8411688174689687,0.7174625468164794,0.4807843137254902,0.5757490372874988
10,10,entropy,0.8409930025668976,0.7170297493558211,0.48015686274509806,0.5751597143930853
10,11,entropy,0.8411336544885545,0.718213866039953,0.47937254901960785,0.5749764816556914
10,12,entropy,0.8412391434297971,0.7188235294117648,0.4792156862745098,0.5750588235294117
10,13,entropy,0.8411688174689687,0.718794159208667,0.47874509803921567,0.574710479239243
10,14,entropy,0.8409930025668976,0.717948717948718,0.47874509803921567,0.5744400527009222
10,15,entropy,0.8409226766060691,0.7174066243833686,0.47905882352941176,0.5744920993227991
10,16,entropy,0.8409578395864834,0.7177798682972719,0.47874509803921567,0.5743859979298014
10,17,entropy,0.8408523506452407,0.7171717171717171,0.47890196078431374,0.5743039879608728
10,18,entropy,0.8410281655473117,0.7180150517403575,0.47890196078431374,0.5745741977980615
10,19,entropy,0.8411336544885545,0.7184191954834157,0.47905882352941176,0.5748164878599661
10,20,entropy,0.8411688174689687,0.7183826986365773,0.47937254901960785,0.5750305767240569
11,3,entropy,0.84043039488027,0.7105202842081136,0.48627450980392156,0.5773887129819333
11,4,entropy,0.8405007208410985,0.7098835882218671,0.48784313725490197,0.5782818891781331
11,5,entropy,0.8397622982523999,0.7076290543627227,0.48596078431372547,0.5762112898725937
11,6,entropy,0.840571046801927,0.7102078100022836,0.48784313725490197,0.5783894364887484
11,7,entropy,0.8400436020957136,0.7079726651480638,0.4875294117647059,0.577426846261031
11,8,entropy,0.8403600689194416,0.7083806495571201,0.4892549019607843,0.5787715717201707
11,9,entropy,0.8403952318998559,0.7098765432098766,0.48705882352941177,0.5777281607591405
11,10,entropy,0.8403952318998559,0.7099725526075022,0.48690196078431375,0.5776495766260352
11,11,entropy,0.8405007208410985,0.7099794473624115,0.4876862745098039,0.5782034591779803
11,12,entropy,0.8406062097823411,0.7102739726027397,0.488,0.5785216178521618
11,13,entropy,0.8406765357431696,0.711662075298439,0.48627450980392156,0.577765352716429
11,14,entropy,0.8408523506452407,0.7118954847581939,0.4872156862745098,0.5785062395231887
11,15,entropy,0.840746861703998,0.7113095238095238,0.48737254901960786,0.5784231592664991
11,16,entropy,0.840887513625655,0.7129373848987108,0.48580392156862745,0.5778524116055602
11,17,entropy,0.8406413727627554,0.71149873766353,0.48627450980392156,0.5777115169586283
11,18,entropy,0.8406413727627554,0.7111111111111111,0.48690196078431375,0.5780260707635009
11,19,entropy,0.8400084391152994,0.7092409997706948,0.4851764705882353,0.5761922503725783
11,20,entropy,0.8406413727627554,0.711693085228578,0.48596078431372547,0.5775540641312453
12,3,entropy,0.8399029501740568,0.6965904186447993,0.5063529411764706,0.5864292851303479
12,4,entropy,0.8397271352719856,0.6956709024337713,0.5066666666666667,0.5863133055000909
12,5,entropy,0.8396919722915714,0.6956053425247738,0.5065098039215686,0.5861849868385223
12,6,entropy,0.8394106684482576,0.6954172070903588,0.5046274509803922,0.5848559221888919
12,7,entropy,0.8388480607616302,0.6926053310404128,0.5054117647058823,0.5843837852543756
12,8,entropy,0.8391293646049439,0.6938819474364498,0.5052549019607843,0.5847326858491422
12,9,entropy,0.8395161573895004,0.6956991571212449,0.5049411764705882,0.5851663333939283
12,10,entropy,0.8390590386441155,0.6945887445887445,0.5033725490196078,0.5837198726693951
12,11,entropy,0.8395864833503288,0.6969367803606343,0.5032156862745099,0.5844416104937147
12,12,entropy,0.8399029501740568,0.6980434782608695,0.503686274509804,0.5851480637813211
12,13,entropy,0.8399029501740568,0.697871416159861,0.504,0.5852992075781037
12,14,entropy,0.8394106684482576,0.6957557384148982,0.504,0.5845538069680707
12,15,entropy,0.8394106684482576,0.6959254442999566,0.503686274509804,0.5844025844025844
12,16,entropy,0.8397271352719856,0.6971143415057496,0.504,0.5850327749453752
12,17,entropy,0.8393755054678435,0.695605109331024,0.504,0.5845006367109332
12,18,entropy,0.8396919722915714,0.6973055193394176,0.5033725490196078,0.5846770520178555
12,19,entropy,0.8397622982523999,0.6978667827601219,0.5029019607843137,0.5845564773452456
12,20,entropy,0.840254579978199,0.6990438939591482,0.5046274509803922,0.5861346451671677
13,3,entropy,0.8349449699356517,0.67841222670346,0.5013333333333333,0.5765830777557279
13,4,entropy,0.8348394809944091,0.6785106382978724,0.5002352941176471,0.5758916478555305
13,5,entropy,0.8349098069552375,0.6782682512733447,0.5013333333333333,0.576531072427167
13,6,entropy,0.8348043180139949,0.6792815907633099,0.4983529411764706,0.5749185667752443
13,7,entropy,0.8350152958964802,0.6788522848034007,0.5010196078431373,0.5765342960288808
13,8,entropy,0.835296599739794,0.6806237983336894,0.49976470588235294,0.5763386396526773
13,9,entropy,0.8348394809944091,0.6786626916524702,0.49992156862745096,0.575738415680607
13,10,entropy,0.8347691550335806,0.6786780383795309,0.49929411764705883,0.575327609579756
13,11,entropy,0.8355075776222792,0.6811872731155242,0.5003921568627451,0.5769578585639357
13,12,entropy,0.8355075776222792,0.6814973262032086,0.49976470588235294,0.5766515837104073
13,13,entropy,0.8357185555047646,0.6837108953613807,0.4970980392156863,0.5756584922797456
13,14,entropy,0.8361405112697352,0.6835795332905159,0.5008627450980392,0.5781278290783993
13,15,entropy,0.8358943704068357,0.6835769561478934,0.4988235294117647,0.5767661195248027
13,16,entropy,0.8359998593480783,0.6844147445570166,0.4980392156862745,0.5765389504267296
13,17,entropy,0.8367031189563627,0.6867313915857605,0.49929411764705883,0.5782016348773842
13,18,entropy,0.8366679559759486,0.6863420939250323,0.49976470588235294,0.5783788690206044
13,19,entropy,0.8364921410738774,0.6855237685523768,0.49992156862745096,0.5781930333817127
13,20,entropy,0.8369140968388481,0.6868947708198838,0.5007058823529412,0.5792052259118128
14,3,entropy,0.8313935089138156,0.6645147855060392,0.5005490196078431,0.5709940055471058
14,4,entropy,0.8300573156580752,0.6612296110414053,0.496,0.5668190373756385
14,5,entropy,0.8306902493055311,0.6624323198667222,0.49898039215686274,0.5692046166234233
14,6,entropy,0.8309012271880165,0.6642197986577181,0.4967843137254902,0.5684286098896169
14,7,entropy,0.8314286718942298,0.6657580205493814,0.4980392156862745,0.5698133524766691
14,8,entropy,0.8307957382467738,0.6642842127391213,0.4956862745098039,0.5677326625943226
14,9,entropy,0.8309363901684307,0.6646354276108426,0.496156862745098,0.5681695706843901
14,10,entropy,0.8317451387179577,0.6682183664832839,0.49537254901960787,0.568957751553914
14,11,entropy,0.8314638348746439,0.6668776371308017,0.495843137254902,0.5687809266756635
14,12,entropy,0.8317451387179577,0.6680050718512257,0.495843137254902,0.5691906005221932
14,13,entropy,0.8319561166004431,0.6687103594080338,0.496156862745098,0.569653309320126
14,14,entropy,0.8323077464045853,0.6709965928449745,0.49427450980392157,0.5692349381266372
14,15,entropy,0.8321670944829284,0.6699915110356537,0.4952156862745098,0.5694958058988004
14,16,entropy,0.8325538872674848,0.6714133900106269,0.4955294117647059,0.5702166064981948
14,17,entropy,0.8327648651499701,0.6716861081654295,0.4967843137254902,0.5711451758340849
14,18,entropy,0.832589050247899,0.6709745762711864,0.4967843137254902,0.5708877872915727
14,19,entropy,0.8327648651499701,0.6736751770006436,0.49254901960784314,0.5690467560710403
14,20,entropy,0.8333274728365976,0.6747168198332977,0.4952156862745098,0.5711959471684458
15,3,entropy,0.8248531945567706,0.6361860101602188,0.5107450980392156,0.566605760027843
15,4,entropy,0.8245367277330427,0.6361313151169649,0.5076078431372549,0.5646484034199966
15,5,entropy,0.8247828685959422,0.6370618353682552,0.5074509803921569,0.5649174888675457
15,6,entropy,0.8249235205175991,0.6379992091735864,0.5061960784313726,0.5645062538266422
15,7,entropy,0.8242554238897289,0.6362556896892935,0.504313725490196,0.5626531326566327
15,8,entropy,0.8253454762825697,0.6391304347826087,0.5072941176470588,0.5656318320944468
15,9,entropy,0.8244664017722142,0.6366870923107334,0.5052549019607843,0.5634073814937904
15,10,entropy,0.8250290094588417,0.6384874282320333,0.5058823529411764,0.5645020129529144
15,11,entropy,0.8246773796546996,0.6384845463609172,0.5022745098039215,0.5622475856014048
15,12,entropy,0.8256971060867119,0.6416300439472633,0.5038431372549019,0.5644495211317107
15,13,entropy,0.8258377580083688,0.6418029517351416,0.5047843137254902,0.5651066818860303
15,14,entropy,0.8268574844403812,0.6447814807423667,0.5068235294117647,0.5675390830844897
15,15,entropy,0.8271036253032807,0.6467391304347826,0.504,0.5665167944988098
15,16,entropy,0.8272794402053518,0.646095466347114,0.5074509803921569,0.5684413986997012
15,17,entropy,0.8280881887548789,0.6497983870967742,0.5055686274509804,0.568681076312307
15,18,entropy,0.827631070009494,0.6483383685800604,0.5049411764705882,0.5677248677248677
15,19,entropy,0.8287211224023349,0.6522883758606723,0.5052549019607843,0.5694333952090516
15,20,entropy,0.828896937304406,0.6522704339051463,0.5069803921568627,0.5705207413945277
16,3,entropy,0.8217940152607335,0.6229539040451553,0.5193725490196078,0.5664670658682633
16,4,entropy,0.8206336369070643,0.6195121951219512,0.5179607843137255,0.5642033319094404
16,5,entropy,0.8216533633390766,0.6236947028669072,0.5152941176470588,0.5643360247380175
16,6,entropy,0.8220049931432188,0.6234718826405868,0.52,0.5670543961683202
16,7,entropy,0.8214775484370055,0.6231499051233397,0.5151372549019608,0.5640188922284242
16,8,entropy,0.8230598825556454,0.6266264378653592,0.5212549019607843,0.569104298681281
16,9,entropy,0.8229192306339885,0.6270639590055039,0.5182745098039215,0.5675025764342151
16,10,entropy,0.8228137416927459,0.627141225732775,0.5168627450980392,0.566686731447244
16,11,entropy,0.8230950455360596,0.6282442748091603,0.5163921568627451,0.5668532070598364
16,12,entropy,0.8232356974577165,0.6284788410217308,0.5171764705882353,0.5674210481025729
16,13,entropy,0.8239741200464151,0.6307545367717288,0.5179607843137255,0.5688199827734711
16,14,entropy,0.8242554238897289,0.6320230105465005,0.5170196078431373,0.5687661777394305
16,15,entropy,0.8249586834980133,0.6341463414634146,0.5179607843137255,0.5701951303747194
16,16,entropy,0.8256971060867119,0.6362413528055342,0.5193725490196078,0.5718974004663615
16,17,entropy,0.8253806392629839,0.6357156617222115,0.5176470588235295,0.5706380771226007
16,18,entropy,0.8261190618516826,0.6378180416345413,0.5190588235294118,0.5723428176078873
16,19,entropy,0.8260135729104399,0.6392738629709155,0.5137254901960784,0.569664289441642
16,20,entropy,0.8267871584795528,0.6409258899046878,0.5168627450980392,0.572247308093088
17,3,entropy,0.8175041316501986,0.6069301570113698,0.5275294117647059,0.5644511581067473
17,4,entropy,0.8177854354935125,0.6071492724986528,0.5301960784313725,0.5660693351197454
17,5,entropy,0.8172931537677134,0.6065425628049883,0.5264313725490196,0.5636546859254284
17,6,entropy,0.8179964133759977,0.6085067873303167,0.5273725490196078,0.5650420168067227
17,7,entropy,0.8174689686697845,0.6084249084249084,0.5210980392156863,0.5613857203210816
17,8,entropy,0.818840324905939,0.6118938700823422,0.5245490196078432,0.564864864864865
17,9,entropy,0.8189458138471817,0.6131831610044313,0.5209411764705882,0.5633109999151896
17,10,entropy,0.8193326066317381,0.6127620783956245,0.5272156862745098,0.5667790893760539
17,11,entropy,0.8190161398080101,0.6130338733431517,0.5223529411764706,0.5640721605827052
17,12,entropy,0.81834804318014,0.6111417539988968,0.5214117647058824,0.5627221940071101
17,13,entropy,0.8204226590245789,0.6172337278106509,0.523607843137255,0.5665789697021133
17,14,entropy,0.8204578220049932,0.617521763289498,0.5229803921568628,0.566332597248174
17,15,entropy,0.8212665705545202,0.6190125276344879,0.5270588235294118,0.569346776243328
17,16,entropy,0.8207039628678927,0.6178861788617886,0.5245490196078432,0.567404767964707
17,17,entropy,0.8215127114174198,0.6193714390736997,0.5286274509803922,0.5704129993229519
17,18,entropy,0.8217940152607335,0.6209961118311423,0.5261176470588236,0.5696331521739131
17,19,entropy,0.8231302085164739,0.625443014362992,0.5259607843137255,0.5714042263122019
17,20,entropy,0.8229192306339885,0.6250233426704015,0.5250196078431373,0.5706734867860187
18,3,entropy,0.8128626182355216,0.5933014354066986,0.5251764705882352,0.5571642536195707
18,4,entropy,0.8126164773726221,0.5933261955745895,0.5215686274509804,0.5551381584439437
18,5,entropy,0.8134955518829776,0.5956420789426683,0.5231372549019608,0.5570402538834139
18,6,entropy,0.8142691374520904,0.5984152710246714,0.5212549019607843,0.5571763916834339
18,7,entropy,0.8140581595696051,0.5975587865733262,0.5221960784313725,0.5573413694960656
18,8,entropy,0.8143746263933331,0.5987031700288185,0.5214117647058824,0.557390793996814
18,9,entropy,0.8153943528253454,0.6023285428415499,0.5193725490196078,0.5577830188679246
18,10,entropy,0.8152537009036886,0.6012646793134598,0.5220392156862745,0.5588581024349287
18,11,entropy,0.8154295158057597,0.6025874635568513,0.5187450980392156,0.557531821630279
18,12,entropy,0.8167657090615,0.6067498165810712,0.5189019607843137,0.5593979876553649
18,13,entropy,0.8163789162769436,0.6047991274313761,0.5218823529411765,0.5602896598181206
18,14,entropy,0.8181019023172404,0.6102347762289069,0.5218823529411765,0.5626109748879682
18,15,entropy,0.8176447835718555,0.6090225563909775,0.5209411764705882,0.5615488670950287
18,16,entropy,0.8189458138471817,0.6117389719285454,0.5264313725490196,0.5658882050417334
18,17,entropy,0.8195084215338092,0.6139867841409692,0.5247058823529411,0.5658462319208323
18,18,entropy,0.8196842364358803,0.614719411223551,0.5240784313725491,0.5657917019475021
18,19,entropy,0.8207742888287212,0.6188174042394943,0.5220392156862745,0.5663234918744151
18,20,entropy,0.8210204296916207,0.6197130613005404,0.5217254901960784,0.5665133708056549
19,3,entropy,0.8102957206652835,0.5849809226500173,0.5290980392156863,0.5556379210938144
19,4,entropy,0.8101550687436267,0.5839931153184166,0.532235294117647,0.5569142388182191
19,5,entropy,0.8097682759590703,0.5838401390095569,0.5270588235294118,0.5539983511953833
19,6,entropy,0.8096627870178277,0.5839734636871509,0.5247058823529411,0.5527555151615302
19,7,entropy,0.8107528394106684,0.5870289219982472,0.5253333333333333,0.5544701986754967
19,8,entropy,0.8112099581560533,0.5885875308207115,0.524235294117647,0.5545507342570314
19,9,entropy,0.8105770245085974,0.5869412178810278,0.5231372549019608,0.5532056067015012
19,10,entropy,0.8121593586272372,0.5913351016799293,0.5245490196078432,0.5559434746467166
19,11,entropy,0.8126164773726221,0.5928952042628775,0.523607843137255,0.5561016243231987
19,12,entropy,0.8136010408242202,0.5956537228357677,0.5245490196078432,0.5578446909667195
19,13,entropy,0.8126868033334506,0.5939404804589459,0.5196862745098039,0.5543378231406341
19,14,entropy,0.8142339744716762,0.597534833869239,0.5247058823529411,0.5587572037083438
19,15,entropy,0.8160624494532156,0.6022158684774839,0.5286274509803922,0.5630273160136998
19,16,entropy,0.8161679383944583,0.6030177833662655,0.5265882352941177,0.5622173840227768
19,17,entropy,0.8161679383944583,0.601919317575973,0.5312941176470588,0.5644059323446091
19,18,entropy,0.8178205984739266,0.6074900972272236,0.5292549019607843,0.565680274960181
19,19,entropy,0.8176799465522697,0.6086162833150784,0.5229803921568628,0.5625580021935376
19,20,entropy,0.8194380955729808,0.6138032305433186,0.5245490196078432,0.5656770701175674
20,3,entropy,0.8101199057632125,0.5827252672662481,0.5386666666666666,0.5598304532116074
20,4,entropy,0.8083969197229157,0.5793895747599451,0.5300392156862745,0.5536167772589498
20,5,entropy,0.8107176764302543,0.5857834659287444,0.5312941176470588,0.5572098379534425
20,6,entropy,0.8102957206652835,0.5844827586206897,0.5317647058823529,0.5568788501026694
20,7,entropy,0.8103308836456978,0.5845835488877392,0.5317647058823529,0.5569245933957615
20,8,entropy,0.8095572980765849,0.583376804034081,0.5262745098039215,0.553356424212436
20,9,entropy,0.8125813143922079,0.5908537645626848,0.5330196078431373,0.5604486227939964
20,10,entropy,0.8113506100777101,0.5884413309982487,0.5270588235294118,0.5560612329333886
20,11,entropy,0.8110341432539822,0.5882560394992065,0.5232941176470588,0.5538768055786153
20,12,entropy,0.8125461514117936,0.5913865546218487,0.5298823529411765,0.5589476296847853
20,13,entropy,0.8113857730581244,0.5889808132371062,0.5248627450980392,0.555076310550763
20,14,entropy,0.8134955518829776,0.5940298507462687,0.5306666666666666,0.5605633802816902
20,15,entropy,0.8151833749428602,0.5991142604074402,0.5305098039215687,0.5627287853577371
20,16,entropy,0.8148669081191322,0.598404255319149,0.5294117647058824,0.5617977528089888
20,17,entropy,0.8157108196490734,0.6008537886872999,0.5298823529411765,0.5631407851962991
20,18,entropy,0.8167305460810859,0.6041181736794986,0.5292549019607843,0.5642140468227425
20,19,entropy,0.8173283167481276,0.6065366558324304,0.5269019607843137,0.5639217661378325
20,20,entropy,0.8181370652976546,0.6087900162778079,0.528,0.5655241935483871
3,3,gini,0.8288617743239917,0.7142045454545455,0.3943529411764706,0.5081354219302678
3,4,gini,0.8288617743239917,0.7142045454545455,0.3943529411764706,0.5081354219302678
3,5,gini,0.8288617743239917,0.7142045454545455,0.3943529411764706,0.5081354219302678
3,6,gini,0.8288617743239917,0.7142045454545455,0.3943529411764706,0.5081354219302678
3,7,gini,0.8288617743239917,0.7142045454545455,0.3943529411764706,0.5081354219302678
3,8,gini,0.8288617743239917,0.7142045454545455,0.3943529411764706,0.5081354219302678
3,9,gini,0.8288617743239917,0.7142045454545455,0.3943529411764706,0.5081354219302678
3,10,gini,0.8288617743239917,0.7142045454545455,0.3943529411764706,0.5081354219302678
3,11,gini,0.8288617743239917,0.7142045454545455,0.3943529411764706,0.5081354219302678
3,12,gini,0.8288617743239917,0.7142045454545455,0.3943529411764706,0.5081354219302678
3,13,gini,0.8288617743239917,0.7142045454545455,0.3943529411764706,0.5081354219302678
3,14,gini,0.8288617743239917,0.7142045454545455,0.3943529411764706,0.5081354219302678
3,15,gini,0.8288617743239917,0.7142045454545455,0.3943529411764706,0.5081354219302678
3,16,gini,0.8288617743239917,0.7142045454545455,0.3943529411764706,0.5081354219302678
3,17,gini,0.8288617743239917,0.7142045454545455,0.3943529411764706,0.5081354219302678
3,18,gini,0.8288617743239917,0.7142045454545455,0.3943529411764706,0.5081354219302678
3,19,gini,0.8288617743239917,0.7142045454545455,0.3943529411764706,0.5081354219302678
3,20,gini,0.8288617743239917,0.7142045454545455,0.3943529411764706,0.5081354219302678
4,3,gini,0.8307957382467738,0.7361740707162284,0.3821176470588235,0.5030978934324659
4,4,gini,0.8307957382467738,0.7361740707162284,0.3821176470588235,0.5030978934324659
4,5,gini,0.8307957382467738,0.7361740707162284,0.3821176470588235,0.5030978934324659
4,6,gini,0.8307957382467738,0.7361740707162284,0.3821176470588235,0.5030978934324659
4,7,gini,0.8307957382467738,0.7361740707162284,0.3821176470588235,0.5030978934324659
4,8,gini,0.8307957382467738,0.7361740707162284,0.3821176470588235,0.5030978934324659
4,9,gini,0.8307957382467738,0.7361740707162284,0.3821176470588235,0.5030978934324659
4,10,gini,0.8307957382467738,0.7361740707162284,0.3821176470588235,0.5030978934324659
4,11,gini,0.8307957382467738,0.7361740707162284,0.3821176470588235,0.5030978934324659
4,12,gini,0.8307957382467738,0.7361740707162284,0.3821176470588235,0.5030978934324659
4,13,gini,0.8307957382467738,0.7361740707162284,0.3821176470588235,0.5030978934324659
4,14,gini,0.8307957382467738,0.7361740707162284,0.3821176470588235,0.5030978934324659
4,15,gini,0.8307957382467738,0.7361740707162284,0.3821176470588235,0.5030978934324659
4,16,gini,0.8307957382467738,0.7361740707162284,0.3821176470588235,0.5030978934324659
4,17,gini,0.8307957382467738,0.7361740707162284,0.3821176470588235,0.5030978934324659
4,18,gini,0.8307957382467738,0.7361740707162284,0.3821176470588235,0.5030978934324659
4,19,gini,0.8307957382467738,0.7361740707162284,0.3821176470588235,0.5030978934324659
4,20,gini,0.8307957382467738,0.7361740707162284,0.3821176470588235,0.5030978934324659
5,3,gini,0.8369492598192623,0.7213448802852777,0.44423529411764706,0.549849529171925
5,4,gini,0.8369492598192623,0.7213448802852777,0.44423529411764706,0.549849529171925
5,5,gini,0.8369492598192623,0.7213448802852777,0.44423529411764706,0.549849529171925
5,6,gini,0.8369492598192623,0.7213448802852777,0.44423529411764706,0.549849529171925
5,7,gini,0.8369492598192623,0.7213448802852777,0.44423529411764706,0.549849529171925
5,8,gini,0.8369492598192623,0.7213448802852777,0.44423529411764706,0.549849529171925
5,9,gini,0.8369492598192623,0.7213448802852777,0.44423529411764706,0.549849529171925
5,10,gini,0.8369492598192623,0.7213448802852777,0.44423529411764706,0.549849529171925
5,11,gini,0.8369492598192623,0.7213448802852777,0.44423529411764706,0.549849529171925
5,12,gini,0.8369492598192623,0.7213448802852777,0.44423529411764706,0.549849529171925
5,13,gini,0.8369492598192623,0.7213448802852777,0.44423529411764706,0.549849529171925
5,14,gini,0.8369492598192623,0.7213448802852777,0.44423529411764706,0.549849529171925
5,15,gini,0.8369492598192623,0.7213448802852777,0.44423529411764706,0.549849529171925
5,16,gini,0.8369492598192623,0.7213448802852777,0.44423529411764706,0.549849529171925
5,17,gini,0.8369492598192623,0.7213448802852777,0.44423529411764706,0.549849529171925
5,18,gini,0.8369492598192623,0.7213448802852777,0.44423529411764706,0.549849529171925
5,19,gini,0.8369492598192623,0.7213448802852777,0.44423529411764706,0.549849529171925
5,20,gini,0.8369492598192623,0.7213448802852777,0.44423529411764706,0.549849529171925
6,3,gini,0.840254579978199,0.7048300536672629,0.4944313725490196,0.5811745182999908
6,4,gini,0.840254579978199,0.7048300536672629,0.4944313725490196,0.5811745182999908
6,5,gini,0.840254579978199,0.7048300536672629,0.4944313725490196,0.5811745182999908
6,6,gini,0.840254579978199,0.7048300536672629,0.4944313725490196,0.5811745182999908
6,7,gini,0.840254579978199,0.7048300536672629,0.4944313725490196,0.5811745182999908
6,8,gini,0.840254579978199,0.7048300536672629,0.4944313725490196,0.5811745182999908
6,9,gini,0.8401842540173705,0.7046979865771812,0.49411764705882355,0.5809128630705394
6,10,gini,0.8401842540173705,0.7046979865771812,0.49411764705882355,0.5809128630705394
6,11,gini,0.8401842540173705,0.7046979865771812,0.49411764705882355,0.5809128630705394
6,12,gini,0.8401842540173705,0.7046979865771812,0.49411764705882355,0.5809128630705394
6,13,gini,0.8401842540173705,0.7046979865771812,0.49411764705882355,0.5809128630705394
6,14,gini,0.8401842540173705,0.7046979865771812,0.49411764705882355,0.5809128630705394
6,15,gini,0.8401842540173705,0.7046979865771812,0.49411764705882355,0.5809128630705394
6,16,gini,0.8401842540173705,0.7046979865771812,0.49411764705882355,0.5809128630705394
6,17,gini,0.8401842540173705,0.7046979865771812,0.49411764705882355,0.5809128630705394
6,18,gini,0.8401842540173705,0.7046979865771812,0.49411764705882355,0.5809128630705394
6,19,gini,0.8401842540173705,0.7046979865771812,0.49411764705882355,0.5809128630705394
6,20,gini,0.8401842540173705,0.7046979865771812,0.49411764705882355,0.5809128630705394
7,3,gini,0.8415907732339393,0.7196898496240601,0.4804705882352941,0.5762393001599097
7,4,gini,0.8415907732339393,0.7196898496240601,0.4804705882352941,0.5762393001599097
7,5,gini,0.8415907732339393,0.7196898496240601,0.4804705882352941,0.5762393001599097
7,6,gini,0.8415907732339393,0.7196898496240601,0.4804705882352941,0.5762393001599097
7,7,gini,0.8415907732339393,0.7196898496240601,0.4804705882352941,0.5762393001599097
7,8,gini,0.8415907732339393,0.7196898496240601,0.4804705882352941,0.5762393001599097
7,9,gini,0.8415204472731108,0.7195580629995298,0.48015686274509806,0.5759713990027284
7,10,gini,0.8415204472731108,0.7195580629995298,0.48015686274509806,0.5759713990027284
7,11,gini,0.8415204472731108,0.7195580629995298,0.48015686274509806,0.5759713990027284
7,12,gini,0.8415204472731108,0.7195580629995298,0.48015686274509806,0.5759713990027284
7,13,gini,0.8415204472731108,0.7195580629995298,0.48015686274509806,0.5759713990027284
7,14,gini,0.8415204472731108,0.7195580629995298,0.48015686274509806,0.5759713990027284
7,15,gini,0.8415204472731108,0.7195580629995298,0.48015686274509806,0.5759713990027284
7,16,gini,0.8415204472731108,0.7195580629995298,0.48015686274509806,0.5759713990027284
7,17,gini,0.8415204472731108,0.7195580629995298,0.48015686274509806,0.5759713990027284
7,18,gini,0.8415204472731108,0.7195580629995298,0.48015686274509806,0.5759713990027284
7,19,gini,0.8415204472731108,0.7195580629995298,0.48015686274509806,0.5759713990027284
7,20,gini,0.8415204472731108,0.7195580629995298,0.48015686274509806,0.5759713990027284
8,3,gini,0.8410281655473117,0.7231584015406837,0.4712156862745098,0.5706144933042074
8,4,gini,0.8410281655473117,0.7231584015406837,0.4712156862745098,0.5706144933042074
8,5,gini,0.8410281655473117,0.7231584015406837,0.4712156862745098,0.5706144933042074
8,6,gini,0.8410281655473117,0.7231584015406837,0.4712156862745098,0.5706144933042074
8,7,gini,0.8410281655473117,0.7231584015406837,0.4712156862745098,0.5706144933042074
8,8,gini,0.8410281655473117,0.7231584015406837,0.4712156862745098,0.5706144933042074
8,9,gini,0.8409578395864834,0.7230250481695568,0.47090196078431373,0.5703429277096989
8,10,gini,0.8409226766060691,0.7229583232955914,0.47074509803921566,0.5702071062131864
8,11,gini,0.8409226766060691,0.7229583232955914,0.47074509803921566,0.5702071062131864
8,12,gini,0.8409226766060691,0.7229583232955914,0.47074509803921566,0.5702071062131864
8,13,gini,0.8409226766060691,0.7229583232955914,0.47074509803921566,0.5702071062131864
8,14,gini,0.8408523506452407,0.7226101613291597,0.47074509803921566,0.5700987841945289
8,15,gini,0.8408523506452407,0.7226101613291597,0.47074509803921566,0.5700987841945289
8,16,gini,0.8407116987235838,0.7223427331887202,0.47011764705882353,0.5695553021664767
8,17,gini,0.8408171876648265,0.7227579556412729,0.47027450980392155,0.569799486838354
8,18,gini,0.8408171876648265,0.7227579556412729,0.47027450980392155,0.569799486838354
8,19,gini,0.8408171876648265,0.7227579556412729,0.47027450980392155,0.569799486838354
8,20,gini,0.8408171876648265,0.7227579556412729,0.47027450980392155,0.569799486838354
9,3,gini,0.8411688174689687,0.7182800751879699,0.47952941176470587,0.575110525820713
9,4,gini,0.8414501213122825,0.7188086303939962,0.4807843137254902,0.5761819719898487
9,5,gini,0.8414149583318682,0.7188453414691387,0.4804705882352941,0.575968409176382
9,6,gini,0.8413446323710397,0.718816067653277,0.48,0.5756207674943566
9,7,gini,0.8414149583318682,0.7190509748649283,0.48015686274509806,0.575808878856283
9,8,gini,0.841379795351454,0.7188821042743072,0.48015686274509806,0.5757547258534751
9,9,gini,0.8413094693906256,0.7185446009389671,0.48015686274509806,0.5756464503996239
9,10,gini,0.8412391434297971,0.7187206020696143,0.47937254901960785,0.5751387974028419
9,11,gini,0.8412391434297971,0.7187206020696143,0.47937254901960785,0.5751387974028419
9,12,gini,0.841379795351454,0.7190879172543488,0.47984313725490196,0.5755950700912598
9,13,gini,0.8413094693906256,0.7188528443817583,0.47968627450980394,0.5754069056355255
9,14,gini,0.841379795351454,0.7192941176470589,0.47952941176470587,0.5754352941176472
9,15,gini,0.8412743064102113,0.718683901292597,0.47968627450980394,0.5753527751646285
9,16,gini,0.8412039804493829,0.7188603720273133,0.47890196078431374,0.5748446620222181
9,17,gini,0.8412743064102113,0.7190958323522486,0.47905882352941176,0.5750329504801357
9,18,gini,0.841379795351454,0.71939736346516,0.47937254901960785,0.5753553610091311
9,19,gini,0.8413446323710397,0.7192280536596847,0.47937254901960785,0.575301204819277
9,20,gini,0.8412391434297971,0.7190296749882242,0.47890196078431374,0.5748987854251012
10,3,gini,0.8402897429586131,0.7011191573403555,0.5011764705882353,0.5845225027442371
10,4,gini,0.8404655578606842,0.7018006148440931,0.5013333333333333,0.5848659529691645
10,5,gini,0.8400787650761279,0.7003728887914016,0.5008627450980392,0.5840497530638374
10,6,gini,0.8401139280565421,0.7004385964912281,0.5010196078431373,0.5841792409693645
10,7,gini,0.840254579978199,0.7011418533157664,0.5008627450980392,0.5843169548906578
10,8,gini,0.8403952318998559,0.7011393514461,0.5019607843137255,0.5850626199835451
10,9,gini,0.8400436020957136,0.7007475813544415,0.49992156862745096,0.5835393206994415
10,10,gini,0.8399029501740568,0.7003078276165348,0.4996078431372549,0.5831731209374714
10,11,gini,0.8397974612328141,0.6995830590300637,0.500078431372549,0.583241858763264
10,12,gini,0.839938113154471,0.7001976718647046,0.500078431372549,0.5834553440702783
10,13,gini,0.8398326242132284,0.6999121265377856,0.49976470588235294,0.5831426741100028
10,14,gini,0.8401139280565421,0.7008791208791209,0.5002352941176471,0.5837986270022884
10,15,gini,0.8402897429586131,0.7014728511760826,0.5005490196078431,0.5842182350787258
10,16,gini,0.8398677871936425,0.7000659195781147,0.49976470588235294,0.5831960461285008
10,17,gini,0.8397974612328141,0.6995830590300637,0.500078431372549,0.583241858763264
10,18,gini,0.8398326242132284,0.7001759788825341,0.49929411764705883,0.5829136525959161
10,19,gini,0.8396919722915714,0.6998239436619719,0.4988235294117647,0.5824709222456268
10,20,gini,0.8399029501740568,0.7002197802197803,0.49976470588235294,0.5832494279176201
11,3,gini,0.8378986602904462,0.6965041193498107,0.49066666666666664,0.5757408429965029
11,4,gini,0.8379689862512747,0.6973419700692428,0.4897254901960784,0.5753778105418356
11,5,gini,0.8376173564471324,0.6953524571936847,0.4905098039215686,0.5752391464311994
11,6,gini,0.8378986602904462,0.6962419390704915,0.4911372549019608,0.5759749816041206
11,7,gini,0.8378283343296178,0.6964564296857588,0.49019607843137253,0.5754004787331983
11,8,gini,0.8380393122121031,0.6977420076011626,0.4895686274509804,0.5754056047197641
11,9,gini,0.8380744751925173,0.6973684210526315,0.4905098039215686,0.5759278018233722
11,10,gini,0.8382151271141742,0.6985228290062668,0.4895686274509804,0.5756709397768146
11,11,gini,0.8380744751925173,0.6978095663835494,0.4897254901960784,0.5755369158447783
11,12,gini,0.8374415415450613,0.695013357079252,0.4897254901960784,0.5745836017300083
11,13,gini,0.8376876824079609,0.695748942799911,0.4903529411764706,0.5752668384247331
11,14,gini,0.8381448011533458,0.6973273942093541,0.4911372549019608,0.5763460653474459
11,15,gini,0.8381096381729315,0.6968215158924206,0.49176470588235294,0.5766047452639322
11,16,gini,0.837863497310032,0.6960871498443753,0.4911372549019608,0.5759220086452681
11,17,gini,0.8376525194275467,0.6955071174377224,0.4905098039215686,0.5752920614478889
11,18,gini,0.8380744751925173,0.6976328718177758,0.4900392156862745,0.5756933566755736
11,19,gini,0.8378283343296178,0.6966317198304707,0.4898823529411765,0.575244059679499
11,20,gini,0.8380393122121031,0.6978304629836726,0.4894117647058824,0.5753273096072286
12,3,gini,0.8338900805232251,0.6803583133056588,0.4884705882352941,0.568663257852447
12,4,gini,0.8337845915819825,0.6787418655097613,0.4908235294117647,0.5696859353664088
12,5,gini,0.8342417103273674,0.6801127738017784,0.49192156862745096,0.5709084289095212
12,6,gini,0.8338197545623967,0.6786565547128928,0.4912941176470588,0.5699727024567789
12,7,gini,0.8342768733077816,0.6813618507202095,0.4897254901960784,0.5698640138724104
12,8,gini,0.8347339920531665,0.6821048053924766,0.49207843137254903,0.5717149626389649
12,9,gini,0.8347691550335806,0.6828097731239092,0.49098039215686273,0.571220001824984
12,10,gini,0.8350152958964802,0.6836935166994106,0.4912941176470588,0.5717415115005477
12,11,gini,0.8349449699356517,0.6829162132752993,0.49223529411764705,0.572105742935278
12,12,gini,0.8347691550335806,0.6827300479720889,0.4911372549019608,0.5712982392117507
12,13,gini,0.8340658954252963,0.6794538361508452,0.49176470588235294,0.5705705705705706
12,14,gini,0.8347339920531665,0.6817096984161424,0.49286274509803923,0.5721048798252003
12,15,gini,0.83434719926861,0.6808695652173913,0.4912941176470588,0.570751708428246
12,16,gini,0.8339955694644678,0.6795484151107252,0.49098039215686273,0.570075585101539
12,17,gini,0.8342065473469531,0.6795759411510168,0.49270588235294116,0.5712467036464489
12,18,gini,0.8341010584057105,0.6792126324897253,0.49254901960784314,0.5710129114384435
12,19,gini,0.8345230141706811,0.6809017992629526,0.49270588235294116,0.5717145977429924
12,20,gini,0.8342768733077816,0.6806521739130434,0.4911372549019608,0.5705694760820045
13,3,gini,0.8324835613066563,0.6737864077669903,0.4898823529411765,0.5673024523160762
13,4,gini,0.8323077464045853,0.6737343141497187,0.4884705882352941,0.5663362735291443
13,5,gini,0.8320967685220999,0.6726370306430729,0.4889411764705882,0.5662639658461259
13,6,gini,0.833221983895355,0.6763180639585133,0.49098039215686273,0.5689357447968736
13,7,gini,0.8324835613066563,0.674842630779249,0.4876862745098039,0.5661992351120014
13,8,gini,0.8319561166004431,0.6733275412684622,0.48627450980392156,0.5647144548683851
13,9,gini,0.8327648651499701,0.6761697497279652,0.48737254901960786,0.566453965360073
13,10,gini,0.8323429093849994,0.6739554016020783,0.4883137254901961,0.5663088957613244
13,11,gini,0.8330461689932839,0.6765024951182469,0.4890980392156863,0.5677348871085215
13,12,gini,0.8330461689932839,0.6758158634104171,0.4905098039215686,0.5684421014361025
13,13,gini,0.8328351911107985,0.6749406432117419,0.4905098039215686,0.5681322674418604
13,14,gini,0.8324483983262422,0.6734166307626023,0.4903529411764706,0.5674866116002542
13,15,gini,0.8320616055416857,0.6727901448022476,0.4883137254901961,0.5658971096164334
13,16,gini,0.8321670944829284,0.6730021598272138,0.4887843137254902,0.5662880508859609
13,17,gini,0.8318506276592004,0.6716964863117051,0.4887843137254902,0.5658253132376975
13,18,gini,0.8320264425612715,0.6727941176470589,0.488,0.5656877897990726
13,19,gini,0.8318506276592004,0.6727391021470397,0.48658823529411765,0.5647187329328235
13,20,gini,0.8319912795808573,0.6734738214208125,0.48627450980392156,0.564765895427218
14,3,gini,0.8291430781673055,0.6564176640528271,0.49898039215686274,0.5669726405846182
14,4,gini,0.8285101445198495,0.6551367025683513,0.496156862745098,0.5646701776309917
14,5,gini,0.8283343296177784,0.6525025536261492,0.5010196078431373,0.5668145519077196
14,6,gini,0.8288266113435775,0.6543741036672813,0.5010196078431373,0.5675195451314854
14,7,gini,0.8282991666373641,0.6543235415804717,0.496156862745098,0.5643679186368098
14,8,gini,0.82826400365695,0.6541882109617373,0.496156862745098,0.5643175735950045
14,9,gini,0.8289321002848201,0.6567040265670403,0.4963137254901961,0.5653533458411507
14,10,gini,0.828756285382749,0.6553788973776585,0.4978823529411765,0.5658762702799073
14,11,gini,0.8290024262456486,0.6552999178307313,0.5003921568627451,0.5674641999466333
14,12,gini,0.8290024262456486,0.6560693641618497,0.49850980392156863,0.5665389072109813
14,13,gini,0.8289672632652344,0.6561918544552409,0.4978823529411765,0.5661790938280414
14,14,gini,0.8286507964415064,0.6549731737515476,0.4978823529411765,0.5657249799483113
14,15,gini,0.8287914483631632,0.6542400655469071,0.5010196078431373,0.5674691303189128
14,16,gini,0.8284749815394353,0.6540440419839473,0.49850980392156863,0.5657824461456293
14,17,gini,0.8278772108723935,0.6526402640264026,0.4963137254901961,0.5638421099527755
14,18,gini,0.8277717219311509,0.6526141764827443,0.49537254901960787,0.5632245407526306
14,19,gini,0.8278772108723935,0.6533996683250415,0.4944313725490196,0.562907402446647
14,20,gini,0.827947536833222,0.654054054054054,0.49349019607843136,0.562539114886008
15,3,gini,0.8260487358908541,0.6412183544303798,0.5085490196078432,0.5672294637389556
15,4,gini,0.8266465065578958,0.6421404682274248,0.512,0.56973293768546
15,5,gini,0.8266465065578958,0.6426456071076012,0.5105882352941177,0.5690559440559442
15,6,gini,0.82668166953831,0.6429418742586003,0.5101176470588236,0.5688795591708214
15,7,gini,0.8257674320475403,0.6411530815109344,0.5058823529411764,0.5655414291977202
15,8,gini,0.8264003656949963,0.6430561082371667,0.5069803921568627,0.5669678098412421
15,9,gini,0.8267168325187243,0.6444400079856258,0.5063529411764706,0.5671117357695009
15,10,gini,0.8268926474207954,0.6452,0.5060392156862745,0.5672087912087912
15,11,gini,0.827947536833222,0.6475507765830346,0.5101176470588236,0.5706764938141616
15,12,gini,0.8259432469496114,0.6414532459797498,0.5068235294117647,0.5662460567823343
15,13,gini,0.8277717219311509,0.6466732869910625,0.5107450980392156,0.5707274320771253
15,14,gini,0.8266465065578958,0.6434955312810328,0.508235294117647,0.5679228746713408
15,15,gini,0.825872920988783,0.640751730959446,0.508078431372549,0.5667541557305337
15,16,gini,0.8260487358908541,0.6412742382271468,0.5083921568627451,0.5671537317350599
15,17,gini,0.8262948767537537,0.6422764227642277,0.508078431372549,0.5673497985636715
15,18,gini,0.8253806392629839,0.6400318028225005,0.5050980392156863,0.5646151148518324
15,19,gini,0.8254509652238123,0.6405098585939056,0.5044705882352941,0.5644085644085644
15,20,gini,0.8257674320475403,0.6410969793322735,0.5060392156862745,0.5656176032260892
16,3,gini,0.8216182003586624,0.6237642585551331,0.5146666666666667,0.5639879673399227
16,4,gini,0.8206336369070643,0.6211948249619482,0.5121568627450981,0.5614306594445878
16,5,gini,0.8219346671823904,0.6255025847214245,0.5124705882352941,0.5633729953440249
16,6,gini,0.8215830373782482,0.6243548078761231,0.512313725490196,0.5628123384456316
16,7,gini,0.8216533633390766,0.6250239877182883,0.5109019607843137,0.5622302779216295
16,8,gini,0.8229192306339885,0.6301769395294575,0.5083921568627451,0.5627713144643167
16,9,gini,0.8225324378494321,0.6278890600924499,0.5113725490196078,0.5636725166421717
16,10,gini,0.8218643412215619,0.6261322027365581,0.5096470588235295,0.5619162919405051
16,11,gini,0.8232708604381307,0.6293880682908114,0.5146666666666667,0.5662754573696929
16,12,gini,0.8228489046731601,0.6281387770749473,0.5140392156862745,0.5653899240855762
16,13,gini,0.8228137416927459,0.6282149712092131,0.5134117647058823,0.5650410012947777
16,14,gini,0.8225324378494321,0.6272518206209275,0.5134117647058823,0.5646510825498144
16,15,gini,0.8234115123597876,0.6301712526457571,0.5137254901960784,0.5660214310404424
16,16,gini,0.822356622947361,0.6275303643724697,0.5105882352941177,0.563051375194603
16,17,gini,0.822673089771089,0.6289198606271778,0.5096470588235295,0.5630361320509489
16,18,gini,0.8230598825556454,0.6296582351805368,0.5115294117647059,0.564479833823784
16,19,gini,0.8233411863989591,0.6309362279511533,0.5105882352941177,0.5644182417201318
16,20,gini,0.8225324378494321,0.628982128982129,0.507921568627451,0.5620064219387312
17,3,gini,0.818840324905939,0.6120989917506875,0.5237647058823529,0.5644970414201184
17,4,gini,0.819473258553395,0.6143357287635894,0.5229803921568628,0.5649889849178106
17,5,gini,0.8175392946306129,0.6087275394206088,0.5207843137254902,0.5613323188773353
17,6,gini,0.8188051619255248,0.6124815905743741,0.5218823529411765,0.5635639874650631
17,7,gini,0.8197897253771229,0.6151436993367723,0.5237647058823529,0.5657883588918071
17,8,gini,0.8198600513379514,0.6159259259259259,0.5217254901960784,0.5649256900212313
17,9,gini,0.8192974436513238,0.6148272017837235,0.5190588235294118,0.5628986986476142
17,10,gini,0.8198600513379514,0.6164434523809523,0.5198431372549019,0.5640371032252574
17,11,gini,0.8208094518091353,0.6187558031569174,0.5226666666666666,0.5666666666666667
17,12,gini,0.8196139104750518,0.6150434300498984,0.5220392156862745,0.5647378245375869
17,13,gini,0.8206336369070643,0.6173977147069665,0.5254901960784314,0.5677484958901788
17,14,gini,0.8202468441225078,0.6163626312880044,0.5247058823529411,0.5668530757498729
17,15,gini,0.8193326066317381,0.6134654191891397,0.5245490196078432,0.5655335700997802
17,16,gini,0.8206687998874784,0.6182087891711477,0.5229803921568628,0.5666213460231134
17,17,gini,0.8197193994162946,0.6160714285714286,0.5195294117647059,0.5636967066632627
17,18,gini,0.8197193994162946,0.6161578555472822,0.5192156862745098,0.5635481399506258
17,19,gini,0.8208094518091353,0.6192874463719455,0.5207843137254902,0.5657805044308112
17,20,gini,0.8204226590245789,0.6184161374673142,0.5193725490196078,0.5645835109557507
18,3,gini,0.8148317451387179,0.599106344950849,0.5258039215686274,0.5600668337510443
18,4,gini,0.8148669081191322,0.5990364025695931,0.5265882352941177,0.5604808414725769
18,5,gini,0.8152537009036886,0.600827486958086,0.523921568627451,0.5597452656276185
18,6,gini,0.8166953831006716,0.604835799350415,0.5258039215686274,0.5625576906939667
18,7,gini,0.8147262561974753,0.5998194945848375,0.5212549019607843,0.5577843054972723
18,8,gini,0.8176447835718555,0.6078751587733624,0.5254901960784314,0.5636883728756521
18,9,gini,0.8159921234923873,0.604007285974499,0.5201568627450981,0.5589549093973873
18,10,gini,0.8173283167481276,0.6078216374269005,0.5217254901960784,0.5614923609352578
18,11,gini,0.8166953831006716,0.6064102564102564,0.5193725490196078,0.5595268272074355
18,12,gini,0.8170118499243996,0.6063965109940033,0.5234509803921569,0.5618791042263008
18,13,gini,0.8178909244347551,0.608529945553539,0.5259607843137255,0.5642406394615062
18,14,gini,0.8169415239635711,0.6056770927499548,0.5254901960784314,0.5627414748866119
18,15,gini,0.8172228278068849,0.6067864271457086,0.5245490196078432,0.5626787817600538
18,16,gini,0.8186996729842821,0.6109998178838099,0.5262745098039215,0.5654812068093714
18,17,gini,0.8179612503955835,0.6097873900293255,0.5218823529411765,0.5624207590229059
18,18,gini,0.8174689686697845,0.6087435709037472,0.5198431372549019,0.5607919451730266
18,19,gini,0.8185941840430395,0.6116825863335783,0.5223529411764706,0.5634994500380743
18,20,gini,0.8179964133759977,0.6107109879963065,0.5187450980392156,0.5609838846480069
19,3,gini,0.8125461514117936,0.5916110916110916,0.5287843137254902,0.5584361799055744
19,4,gini,0.8123000105488941,0.590126890318095,0.5325490196078432,0.5598614775725593
19,5,gini,0.8121593586272372,0.5913351016799293,0.5245490196078432,0.5559434746467166
19,6,gini,0.813073596118007,0.5931070863372604,0.5290980392156863,0.5592770684795224
19,7,gini,0.8137065297654629,0.5944902614493771,0.5314509803921569,0.561205896968693
19,8,gini,0.8130384331375927,0.5934959349593496,0.5267450980392157,0.5581318042051026
19,9,gini,0.8123351735293084,0.59244745279658,0.5217254901960784,0.5548419384435732
19,10,gini,0.8144097893737473,0.5972000708842814,0.5286274509803922,0.5608254285238808
19,11,gini,0.8151130489820317,0.5995721162417543,0.5275294117647059,0.5612483311081442
19,12,gini,0.8144801153345758,0.5971362913204878,0.5298823529411765,0.561502659574468
19,13,gini,0.8154295158057597,0.5998935415188077,0.5303529411764706,0.5629839313962202
19,14,gini,0.815956960511973,0.6010270940322295,0.5323921568627451,0.5646315089003494
19,15,gini,0.8154295158057597,0.6000710984713828,0.5295686274509804,0.5626197816848597
19,16,gini,0.8160976124336299,0.6023235031277927,0.5286274509803922,0.5630743525480368
19,17,gini,0.8157811456099019,0.6018286124058803,0.5265882352941177,0.5616999916338995
19,18,gini,0.8157811456099019,0.6018286124058803,0.5265882352941177,0.5616999916338995
19,19,gini,0.8163789162769436,0.6037057024644721,0.5264313725490196,0.5624266800737389
19,20,gini,0.8163789162769436,0.6038551612322104,0.5258039215686274,0.5621331544524567
20,3,gini,0.8080101269383593,0.5783256291730868,0.5298823529411765,0.5530451866404714
20,4,gini,0.8097682759590703,0.5825774430943008,0.5339607843137255,0.5572106727778686
20,5,gini,0.8089595274095432,0.5813752591568763,0.527843137254902,0.5533174381320397
20,6,gini,0.8088188754878863,0.5810017271157167,0.5276862745098039,0.553062063296342
20,7,gini,0.8094518091353423,0.5824991370383155,0.5294117647058824,0.5546881420001644
20,8,gini,0.8117022398818524,0.5892857142857143,0.528,0.5569620253164557
20,9,gini,0.8111396321952249,0.5885673959068455,0.5232941176470588,0.5540147803703396
20,10,gini,0.8117725658426809,0.5894294714735737,0.5283137254901961,0.5572007610224171
20,11,gini,0.8122648475684799,0.590749824807288,0.5289411764705882,0.5581395348837209
20,12,gini,0.8117725658426809,0.5897435897435898,0.5267450980392157,0.55646698152291
20,13,gini,0.812124195646823,0.5907811400422238,0.5267450980392157,0.5569284351936313
20,14,gini,0.813073596118007,0.5932382461701003,0.5284705882352941,0.5589845694375312
20,15,gini,0.8130032701571785,0.5928333040576146,0.5294117647058824,0.5593304607225721
20,16,gini,0.8143043004325047,0.5966772711205373,0.5295686274509804,0.5611235768303832
20,17,gini,0.8140581595696051,0.5963823372938464,0.5275294117647059,0.5598468453470952
20,18,gini,0.815007560040789,0.5992516037063436,0.5275294117647059,0.5611078668557604
20,19,gini,0.8141636485108478,0.5971479500891266,0.5254901960784314,0.559032123487693
20,20,gini,0.8153591898449313,0.6012247838616714,0.523607843137255,0.5597384086526368
3,3,log_loss,0.8322374204437568,0.7030379746835443,0.4356078431372549,0.5379176755447942
3,4,log_loss,0.8322374204437568,0.7030379746835443,0.4356078431372549,0.5379176755447942
3,5,log_loss,0.8322374204437568,0.7030379746835443,0.4356078431372549,0.5379176755447942
3,6,log_loss,0.8322374204437568,0.7030379746835443,0.4356078431372549,0.5379176755447942
3,7,log_loss,0.8322374204437568,0.7030379746835443,0.4356078431372549,0.5379176755447942
3,8,log_loss,0.8322374204437568,0.7030379746835443,0.4356078431372549,0.5379176755447942
3,9,log_loss,0.8322374204437568,0.7030379746835443,0.4356078431372549,0.5379176755447942
3,10,log_loss,0.8322374204437568,0.7030379746835443,0.4356078431372549,0.5379176755447942
3,11,log_loss,0.8322374204437568,0.7030379746835443,0.4356078431372549,0.5379176755447942
3,12,log_loss,0.8322374204437568,0.7030379746835443,0.4356078431372549,0.5379176755447942
3,13,log_loss,0.8322374204437568,0.7030379746835443,0.4356078431372549,0.5379176755447942
3,14,log_loss,0.8322374204437568,0.7030379746835443,0.4356078431372549,0.5379176755447942
3,15,log_loss,0.8322374204437568,0.7030379746835443,0.4356078431372549,0.5379176755447942
3,16,log_loss,0.8322374204437568,0.7030379746835443,0.4356078431372549,0.5379176755447942
3,17,log_loss,0.8322374204437568,0.7030379746835443,0.4356078431372549,0.5379176755447942
3,18,log_loss,0.8322374204437568,0.7030379746835443,0.4356078431372549,0.5379176755447942
3,19,log_loss,0.8322374204437568,0.7030379746835443,0.4356078431372549,0.5379176755447942
3,20,log_loss,0.8322374204437568,0.7030379746835443,0.4356078431372549,0.5379176755447942
4,3,log_loss,0.8356482295439361,0.7263774287995741,0.42807843137254903,0.5386893012238453
4,4,log_loss,0.8356482295439361,0.7263774287995741,0.42807843137254903,0.5386893012238453
4,5,log_loss,0.8356482295439361,0.7263774287995741,0.42807843137254903,0.5386893012238453
4,6,log_loss,0.8356482295439361,0.7263774287995741,0.42807843137254903,0.5386893012238453
4,7,log_loss,0.8356482295439361,0.7263774287995741,0.42807843137254903,0.5386893012238453
4,8,log_loss,0.8356482295439361,0.7263774287995741,0.42807843137254903,0.5386893012238453
4,9,log_loss,0.8356482295439361,0.7263774287995741,0.42807843137254903,0.5386893012238453
4,10,log_loss,0.8356482295439361,0.7263774287995741,0.42807843137254903,0.5386893012238453
4,11,log_loss,0.8356482295439361,0.7263774287995741,0.42807843137254903,0.5386893012238453
4,12,log_loss,0.8356482295439361,0.7263774287995741,0.42807843137254903,0.5386893012238453
4,13,log_loss,0.8356482295439361,0.7263774287995741,0.42807843137254903,0.5386893012238453
4,14,log_loss,0.8356482295439361,0.7263774287995741,0.42807843137254903,0.5386893012238453
4,15,log_loss,0.8356482295439361,0.7263774287995741,0.42807843137254903,0.5386893012238453
4,16,log_loss,0.8356482295439361,0.7263774287995741,0.42807843137254903,0.5386893012238453
4,17,log_loss,0.8356482295439361,0.7263774287995741,0.42807843137254903,0.5386893012238453
4,18,log_loss,0.8356482295439361,0.7263774287995741,0.42807843137254903,0.5386893012238453
4,19,log_loss,0.8356482295439361,0.7263774287995741,0.42807843137254903,0.5386893012238453
4,20,log_loss,0.8356482295439361,0.7263774287995741,0.42807843137254903,0.5386893012238453
5,3,log_loss,0.8385315939379022,0.7121103973352367,0.4694901960784314,0.5658914728682171
5,4,log_loss,0.8385315939379022,0.7121103973352367,0.4694901960784314,0.5658914728682171
5,5,log_loss,0.8385315939379022,0.7121103973352367,0.4694901960784314,0.5658914728682171
5,6,log_loss,0.8385315939379022,0.7121103973352367,0.4694901960784314,0.5658914728682171
5,7,log_loss,0.8385315939379022,0.7121103973352367,0.4694901960784314,0.5658914728682171
5,8,log_loss,0.8385315939379022,0.7121103973352367,0.4694901960784314,0.5658914728682171
5,9,log_loss,0.8385315939379022,0.7121103973352367,0.4694901960784314,0.5658914728682171
5,10,log_loss,0.8385315939379022,0.7121103973352367,0.4694901960784314,0.5658914728682171
5,11,log_loss,0.8385315939379022,0.7121103973352367,0.4694901960784314,0.5658914728682171
5,12,log_loss,0.8385315939379022,0.7121103973352367,0.4694901960784314,0.5658914728682171
5,13,log_loss,0.8385315939379022,0.7121103973352367,0.4694901960784314,0.5658914728682171
5,14,log_loss,0.8385315939379022,0.7121103973352367,0.4694901960784314,0.5658914728682171
5,15,log_loss,0.8385315939379022,0.7121103973352367,0.4694901960784314,0.5658914728682171
5,16,log_loss,0.8385315939379022,0.7121103973352367,0.4694901960784314,0.5658914728682171
5,17,log_loss,0.8385315939379022,0.7121103973352367,0.4694901960784314,0.5658914728682171
5,18,log_loss,0.8385315939379022,0.7121103973352367,0.4694901960784314,0.5658914728682171
5,19,log_loss,0.8385315939379022,0.7121103973352367,0.4694901960784314,0.5658914728682171
5,20,log_loss,0.8385315939379022,0.7121103973352367,0.4694901960784314,0.5658914728682171
6,3,log_loss,0.840571046801927,0.7283552468370131,0.4605490196078431,0.5642898327887756
6,4,log_loss,0.840571046801927,0.7283552468370131,0.4605490196078431,0.5642898327887756
6,5,log_loss,0.840571046801927,0.7283552468370131,0.4605490196078431,0.5642898327887756
6,6,log_loss,0.840571046801927,0.7283552468370131,0.4605490196078431,0.5642898327887756
6,7,log_loss,0.840571046801927,0.7283552468370131,0.4605490196078431,0.5642898327887756
6,8,log_loss,0.840571046801927,0.7283552468370131,0.4605490196078431,0.5642898327887756
6,9,log_loss,0.840571046801927,0.7283552468370131,0.4605490196078431,0.5642898327887756
6,10,log_loss,0.840571046801927,0.7283552468370131,0.4605490196078431,0.5642898327887756
6,11,log_loss,0.840571046801927,0.7283552468370131,0.4605490196078431,0.5642898327887756
6,12,log_loss,0.840571046801927,0.7283552468370131,0.4605490196078431,0.5642898327887756
6,13,log_loss,0.840571046801927,0.7283552468370131,0.4605490196078431,0.5642898327887756
6,14,log_loss,0.840571046801927,0.7283552468370131,0.4605490196078431,0.5642898327887756
6,15,log_loss,0.840571046801927,0.7283552468370131,0.4605490196078431,0.5642898327887756
6,16,log_loss,0.840571046801927,0.7283552468370131,0.4605490196078431,0.5642898327887756
6,17,log_loss,0.840571046801927,0.7283552468370131,0.4605490196078431,0.5642898327887756
6,18,log_loss,0.840571046801927,0.7283552468370131,0.4605490196078431,0.5642898327887756
6,19,log_loss,0.840571046801927,0.7283552468370131,0.4605490196078431,0.5642898327887756
6,20,log_loss,0.840571046801927,0.7283552468370131,0.4605490196078431,0.5642898327887756
7,3,log_loss,0.8406062097823411,0.7287630402384501,0.4602352941176471,0.5641765214883183
7,4,log_loss,0.8406062097823411,0.7287630402384501,0.4602352941176471,0.5641765214883183
7,5,log_loss,0.8406062097823411,0.7287630402384501,0.4602352941176471,0.5641765214883183
7,6,log_loss,0.8406062097823411,0.7287630402384501,0.4602352941176471,0.5641765214883183
7,7,log_loss,0.8406062097823411,0.7287630402384501,0.4602352941176471,0.5641765214883183
7,8,log_loss,0.8406062097823411,0.7287630402384501,0.4602352941176471,0.5641765214883183
7,9,log_loss,0.8406062097823411,0.7287630402384501,0.4602352941176471,0.5641765214883183
7,10,log_loss,0.8406062097823411,0.7287630402384501,0.4602352941176471,0.5641765214883183
7,11,log_loss,0.8406062097823411,0.7287630402384501,0.4602352941176471,0.5641765214883183
7,12,log_loss,0.8406062097823411,0.7287630402384501,0.4602352941176471,0.5641765214883183
7,13,log_loss,0.8406062097823411,0.7287630402384501,0.4602352941176471,0.5641765214883183
7,14,log_loss,0.8406062097823411,0.7287630402384501,0.4602352941176471,0.5641765214883183
7,15,log_loss,0.8406062097823411,0.7287630402384501,0.4602352941176471,0.5641765214883183
7,16,log_loss,0.8406062097823411,0.7287630402384501,0.4602352941176471,0.5641765214883183
7,17,log_loss,0.8406062097823411,0.7287630402384501,0.4602352941176471,0.5641765214883183
7,18,log_loss,0.8406062097823411,0.7287630402384501,0.4602352941176471,0.5641765214883183
7,19,log_loss,0.8406062097823411,0.7287630402384501,0.4602352941176471,0.5641765214883183
7,20,log_loss,0.8406062097823411,0.7287630402384501,0.4602352941176471,0.5641765214883183
8,3,log_loss,0.8430676184113366,0.735236220472441,0.4687058823529412,0.5724686272631478
8,4,log_loss,0.8430676184113366,0.735236220472441,0.4687058823529412,0.5724686272631478
8,5,log_loss,0.8430676184113366,0.735236220472441,0.4687058823529412,0.5724686272631478
8,6,log_loss,0.8430676184113366,0.735120511559272,0.4688627450980392,0.5725505219806531
8,7,log_loss,0.8430676184113366,0.735120511559272,0.4688627450980392,0.5725505219806531
8,8,log_loss,0.8430324554309223,0.7350553505535056,0.4687058823529412,0.5724137931034483
8,9,log_loss,0.8430324554309223,0.7350553505535056,0.4687058823529412,0.5724137931034483
8,10,log_loss,0.8430324554309223,0.7350553505535056,0.4687058823529412,0.5724137931034483
8,11,log_loss,0.8430324554309223,0.7350553505535056,0.4687058823529412,0.5724137931034483
8,12,log_loss,0.8430324554309223,0.7351710558700467,0.4685490196078431,0.5723318643418279
8,13,log_loss,0.8430324554309223,0.7351710558700467,0.4685490196078431,0.5723318643418279
8,14,log_loss,0.8430324554309223,0.7351710558700467,0.4685490196078431,0.5723318643418279
8,15,log_loss,0.8430324554309223,0.7351710558700467,0.4685490196078431,0.5723318643418279
8,16,log_loss,0.8430324554309223,0.7351710558700467,0.4685490196078431,0.5723318643418279
8,17,log_loss,0.8430324554309223,0.7351710558700467,0.4685490196078431,0.5723318643418279
8,18,log_loss,0.8430324554309223,0.7351710558700467,0.4685490196078431,0.5723318643418279
8,19,log_loss,0.8430324554309223,0.7351710558700467,0.4685490196078431,0.5723318643418279
8,20,log_loss,0.8430324554309223,0.7351710558700467,0.4685490196078431,0.5723318643418279
9,3,log_loss,0.8429621294700939,0.7278586774886607,0.47827450980392155,0.5772434683831882
9,4,log_loss,0.8429972924505081,0.7280324737344794,0.47827450980392155,0.5772981160655116
9,5,log_loss,0.8428566405288512,0.7278813964610235,0.47749019607843135,0.5766789807710524
9,6,log_loss,0.8429269664896797,0.7281205164992827,0.4776470588235294,0.5768684285308326
9,7,log_loss,0.8429621294700939,0.7280764635603345,0.4779607843137255,0.5770833333333334
9,8,log_loss,0.8428566405288512,0.7278813964610235,0.47749019607843135,0.5766789807710524
9,9,log_loss,0.8429621294700939,0.7281855127898638,0.47780392156862744,0.5770032203068763
9,10,log_loss,0.8428918035092654,0.728055489117436,0.47749019607843135,0.5767336112163698
9,11,log_loss,0.8429972924505081,0.7282504780114722,0.4779607843137255,0.5771379865517569
9,12,log_loss,0.8430324554309223,0.7285338435780914,0.47780392156862744,0.5771125426297841
9,13,log_loss,0.8429621294700939,0.7282946663477637,0.4776470588235294,0.576923076923077
9,14,log_loss,0.8429621294700939,0.7284039243838238,0.47749019607843135,0.5768429031646769
9,15,log_loss,0.8428566405288512,0.7279904306220095,0.47733333333333333,0.5765987683562291
9,16,log_loss,0.8428918035092654,0.7281646326872457,0.47733333333333333,0.5766534015539131
9,17,log_loss,0.8429621294700939,0.7281855127898638,0.47780392156862744,0.5770032203068763
9,18,log_loss,0.8427159886071943,0.7277298850574713,0.4767058823529412,0.5760591413136196
9,19,log_loss,0.8427159886071943,0.7277298850574713,0.4767058823529412,0.5760591413136196
9,20,log_loss,0.8428566405288512,0.7278813964610235,0.47749019607843135,0.5766789807710524
10,3,log_loss,0.841063328527726,0.7173658307944691,0.48015686274509806,0.5752678068032324
10,4,log_loss,0.8411336544885545,0.7176001874853527,0.4803137254901961,0.5754557414019922
10,5,log_loss,0.841063328527726,0.7176719080028162,0.47968627450980394,0.575028206092516
10,6,log_loss,0.840887513625655,0.7171361502347418,0.4792156862745098,0.5745181006111894
10,7,log_loss,0.8408171876648265,0.7163934426229508,0.47984313725490196,0.5747299201503053
10,8,log_loss,0.840887513625655,0.7167291471415183,0.47984313725490196,0.5748379216386358
10,9,log_loss,0.8411688174689687,0.7174625468164794,0.4807843137254902,0.5757490372874988
10,10,log_loss,0.8409930025668976,0.7170297493558211,0.48015686274509806,0.5751597143930853
10,11,log_loss,0.8411336544885545,0.718213866039953,0.47937254901960785,0.5749764816556914
10,12,log_loss,0.8412391434297971,0.7188235294117648,0.4792156862745098,0.5750588235294117
10,13,log_loss,0.8411688174689687,0.718794159208667,0.47874509803921567,0.574710479239243
10,14,log_loss,0.8409930025668976,0.717948717948718,0.47874509803921567,0.5744400527009222
10,15,log_loss,0.8409226766060691,0.7174066243833686,0.47905882352941176,0.5744920993227991
10,16,log_loss,0.8409578395864834,0.7177798682972719,0.47874509803921567,0.5743859979298014
10,17,log_loss,0.8408523506452407,0.7171717171717171,0.47890196078431374,0.5743039879608728
10,18,log_loss,0.8410281655473117,0.7180150517403575,0.47890196078431374,0.5745741977980615
10,19,log_loss,0.8411336544885545,0.7184191954834157,0.47905882352941176,0.5748164878599661
10,20,log_loss,0.8411688174689687,0.7183826986365773,0.47937254901960785,0.5750305767240569
11,3,log_loss,0.84043039488027,0.7105202842081136,0.48627450980392156,0.5773887129819333
11,4,log_loss,0.8405007208410985,0.7098835882218671,0.48784313725490197,0.5782818891781331
11,5,log_loss,0.8397622982523999,0.7076290543627227,0.48596078431372547,0.5762112898725937
11,6,log_loss,0.840571046801927,0.7102078100022836,0.48784313725490197,0.5783894364887484
11,7,log_loss,0.8400436020957136,0.7079726651480638,0.4875294117647059,0.577426846261031
11,8,log_loss,0.8403600689194416,0.7083806495571201,0.4892549019607843,0.5787715717201707
11,9,log_loss,0.8403952318998559,0.7098765432098766,0.48705882352941177,0.5777281607591405
11,10,log_loss,0.8403952318998559,0.7099725526075022,0.48690196078431375,0.5776495766260352
11,11,log_loss,0.8405007208410985,0.7099794473624115,0.4876862745098039,0.5782034591779803
11,12,log_loss,0.8406062097823411,0.7102739726027397,0.488,0.5785216178521618
11,13,log_loss,0.8406765357431696,0.711662075298439,0.48627450980392156,0.577765352716429
11,14,log_loss,0.8408523506452407,0.7118954847581939,0.4872156862745098,0.5785062395231887
11,15,log_loss,0.840746861703998,0.7113095238095238,0.48737254901960786,0.5784231592664991
11,16,log_loss,0.840887513625655,0.7129373848987108,0.48580392156862745,0.5778524116055602
11,17,log_loss,0.8406413727627554,0.71149873766353,0.48627450980392156,0.5777115169586283
11,18,log_loss,0.8406413727627554,0.7111111111111111,0.48690196078431375,0.5780260707635009
11,19,log_loss,0.8400084391152994,0.7092409997706948,0.4851764705882353,0.5761922503725783
11,20,log_loss,0.8406413727627554,0.711693085228578,0.48596078431372547,0.5775540641312453
12,3,log_loss,0.8399029501740568,0.6965904186447993,0.5063529411764706,0.5864292851303479
12,4,log_loss,0.8397271352719856,0.6956709024337713,0.5066666666666667,0.5863133055000909
12,5,log_loss,0.8396919722915714,0.6956053425247738,0.5065098039215686,0.5861849868385223
12,6,log_loss,0.8394106684482576,0.6954172070903588,0.5046274509803922,0.5848559221888919
12,7,log_loss,0.8388480607616302,0.6926053310404128,0.5054117647058823,0.5843837852543756
12,8,log_loss,0.8391293646049439,0.6938819474364498,0.5052549019607843,0.5847326858491422
12,9,log_loss,0.8395161573895004,0.6956991571212449,0.5049411764705882,0.5851663333939283
12,10,log_loss,0.8390590386441155,0.6945887445887445,0.5033725490196078,0.5837198726693951
12,11,log_loss,0.8395864833503288,0.6969367803606343,0.5032156862745099,0.5844416104937147
12,12,log_loss,0.8399029501740568,0.6980434782608695,0.503686274509804,0.5851480637813211
12,13,log_loss,0.8399029501740568,0.697871416159861,0.504,0.5852992075781037
12,14,log_loss,0.8394106684482576,0.6957557384148982,0.504,0.5845538069680707
12,15,log_loss,0.8394106684482576,0.6959254442999566,0.503686274509804,0.5844025844025844
12,16,log_loss,0.8397271352719856,0.6971143415057496,0.504,0.5850327749453752
12,17,log_loss,0.8393755054678435,0.695605109331024,0.504,0.5845006367109332
12,18,log_loss,0.8396919722915714,0.6973055193394176,0.5033725490196078,0.5846770520178555
12,19,log_loss,0.8397622982523999,0.6978667827601219,0.5029019607843137,0.5845564773452456
12,20,log_loss,0.840254579978199,0.6990438939591482,0.5046274509803922,0.5861346451671677
13,3,log_loss,0.8349449699356517,0.67841222670346,0.5013333333333333,0.5765830777557279
13,4,log_loss,0.8348394809944091,0.6785106382978724,0.5002352941176471,0.5758916478555305
13,5,log_loss,0.8349098069552375,0.6782682512733447,0.5013333333333333,0.576531072427167
13,6,log_loss,0.8348043180139949,0.6792815907633099,0.4983529411764706,0.5749185667752443
13,7,log_loss,0.8350152958964802,0.6788522848034007,0.5010196078431373,0.5765342960288808
13,8,log_loss,0.835296599739794,0.6806237983336894,0.49976470588235294,0.5763386396526773
13,9,log_loss,0.8348394809944091,0.6786626916524702,0.49992156862745096,0.575738415680607
13,10,log_loss,0.8347691550335806,0.6786780383795309,0.49929411764705883,0.575327609579756
13,11,log_loss,0.8355075776222792,0.6811872731155242,0.5003921568627451,0.5769578585639357
13,12,log_loss,0.8355075776222792,0.6814973262032086,0.49976470588235294,0.5766515837104073
13,13,log_loss,0.8357185555047646,0.6837108953613807,0.4970980392156863,0.5756584922797456
13,14,log_loss,0.8361405112697352,0.6835795332905159,0.5008627450980392,0.5781278290783993
13,15,log_loss,0.8358943704068357,0.6835769561478934,0.4988235294117647,0.5767661195248027
13,16,log_loss,0.8359998593480783,0.6844147445570166,0.4980392156862745,0.5765389504267296
13,17,log_loss,0.8367031189563627,0.6867313915857605,0.49929411764705883,0.5782016348773842
13,18,log_loss,0.8366679559759486,0.6863420939250323,0.49976470588235294,0.5783788690206044
13,19,log_loss,0.8364921410738774,0.6855237685523768,0.49992156862745096,0.5781930333817127
13,20,log_loss,0.8369140968388481,0.6868947708198838,0.5007058823529412,0.5792052259118128
14,3,log_loss,0.8313935089138156,0.6645147855060392,0.5005490196078431,0.5709940055471058
14,4,log_loss,0.8300573156580752,0.6612296110414053,0.496,0.5668190373756385
14,5,log_loss,0.8306902493055311,0.6624323198667222,0.49898039215686274,0.5692046166234233
14,6,log_loss,0.8309012271880165,0.6642197986577181,0.4967843137254902,0.5684286098896169
14,7,log_loss,0.8314286718942298,0.6657580205493814,0.4980392156862745,0.5698133524766691
14,8,log_loss,0.8307957382467738,0.6642842127391213,0.4956862745098039,0.5677326625943226
14,9,log_loss,0.8309363901684307,0.6646354276108426,0.496156862745098,0.5681695706843901
14,10,log_loss,0.8317451387179577,0.6682183664832839,0.49537254901960787,0.568957751553914
14,11,log_loss,0.8314638348746439,0.6668776371308017,0.495843137254902,0.5687809266756635
14,12,log_loss,0.8317451387179577,0.6680050718512257,0.495843137254902,0.5691906005221932
14,13,log_loss,0.8319561166004431,0.6687103594080338,0.496156862745098,0.569653309320126
14,14,log_loss,0.8323077464045853,0.6709965928449745,0.49427450980392157,0.5692349381266372
14,15,log_loss,0.8321670944829284,0.6699915110356537,0.4952156862745098,0.5694958058988004
14,16,log_loss,0.8325538872674848,0.6714133900106269,0.4955294117647059,0.5702166064981948
14,17,log_loss,0.8327648651499701,0.6716861081654295,0.4967843137254902,0.5711451758340849
14,18,log_loss,0.832589050247899,0.6709745762711864,0.4967843137254902,0.5708877872915727
14,19,log_loss,0.8327648651499701,0.6736751770006436,0.49254901960784314,0.5690467560710403
14,20,log_loss,0.8333274728365976,0.6747168198332977,0.4952156862745098,0.5711959471684458
15,3,log_loss,0.8248531945567706,0.6361860101602188,0.5107450980392156,0.566605760027843
15,4,log_loss,0.8245367277330427,0.6361313151169649,0.5076078431372549,0.5646484034199966
15,5,log_loss,0.8247828685959422,0.6370618353682552,0.5074509803921569,0.5649174888675457
15,6,log_loss,0.8249235205175991,0.6379992091735864,0.5061960784313726,0.5645062538266422
15,7,log_loss,0.8242554238897289,0.6362556896892935,0.504313725490196,0.5626531326566327
15,8,log_loss,0.8253454762825697,0.6391304347826087,0.5072941176470588,0.5656318320944468
15,9,log_loss,0.8244664017722142,0.6366870923107334,0.5052549019607843,0.5634073814937904
15,10,log_loss,0.8250290094588417,0.6384874282320333,0.5058823529411764,0.5645020129529144
15,11,log_loss,0.8246773796546996,0.6384845463609172,0.5022745098039215,0.5622475856014048
15,12,log_loss,0.8256971060867119,0.6416300439472633,0.5038431372549019,0.5644495211317107
15,13,log_loss,0.8258377580083688,0.6418029517351416,0.5047843137254902,0.5651066818860303
15,14,log_loss,0.8268574844403812,0.6447814807423667,0.5068235294117647,0.5675390830844897
15,15,log_loss,0.8271036253032807,0.6467391304347826,0.504,0.5665167944988098
15,16,log_loss,0.8272794402053518,0.646095466347114,0.5074509803921569,0.5684413986997012
15,17,log_loss,0.8280881887548789,0.6497983870967742,0.5055686274509804,0.568681076312307
15,18,log_loss,0.827631070009494,0.6483383685800604,0.5049411764705882,0.5677248677248677
15,19,log_loss,0.8287211224023349,0.6522883758606723,0.5052549019607843,0.5694333952090516
15,20,log_loss,0.828896937304406,0.6522704339051463,0.5069803921568627,0.5705207413945277
16,3,log_loss,0.8217940152607335,0.6229539040451553,0.5193725490196078,0.5664670658682633
16,4,log_loss,0.8206336369070643,0.6195121951219512,0.5179607843137255,0.5642033319094404
16,5,log_loss,0.8216533633390766,0.6236947028669072,0.5152941176470588,0.5643360247380175
16,6,log_loss,0.8220049931432188,0.6234718826405868,0.52,0.5670543961683202
16,7,log_loss,0.8214775484370055,0.6231499051233397,0.5151372549019608,0.5640188922284242
16,8,log_loss,0.8230598825556454,0.6266264378653592,0.5212549019607843,0.569104298681281
16,9,log_loss,0.8229192306339885,0.6270639590055039,0.5182745098039215,0.5675025764342151
16,10,log_loss,0.8228137416927459,0.627141225732775,0.5168627450980392,0.566686731447244
16,11,log_loss,0.8230950455360596,0.6282442748091603,0.5163921568627451,0.5668532070598364
16,12,log_loss,0.8232356974577165,0.6284788410217308,0.5171764705882353,0.5674210481025729
16,13,log_loss,0.8239741200464151,0.6307545367717288,0.5179607843137255,0.5688199827734711
16,14,log_loss,0.8242554238897289,0.6320230105465005,0.5170196078431373,0.5687661777394305
16,15,log_loss,0.8249586834980133,0.6341463414634146,0.5179607843137255,0.5701951303747194
16,16,log_loss,0.8256971060867119,0.6362413528055342,0.5193725490196078,0.5718974004663615
16,17,log_loss,0.8253806392629839,0.6357156617222115,0.5176470588235295,0.5706380771226007
16,18,log_loss,0.8261190618516826,0.6378180416345413,0.5190588235294118,0.5723428176078873
16,19,log_loss,0.8260135729104399,0.6392738629709155,0.5137254901960784,0.569664289441642
16,20,log_loss,0.8267871584795528,0.6409258899046878,0.5168627450980392,0.572247308093088
17,3,log_loss,0.8175041316501986,0.6069301570113698,0.5275294117647059,0.5644511581067473
17,4,log_loss,0.8177854354935125,0.6071492724986528,0.5301960784313725,0.5660693351197454
17,5,log_loss,0.8172931537677134,0.6065425628049883,0.5264313725490196,0.5636546859254284
17,6,log_loss,0.8179964133759977,0.6085067873303167,0.5273725490196078,0.5650420168067227
17,7,log_loss,0.8174689686697845,0.6084249084249084,0.5210980392156863,0.5613857203210816
17,8,log_loss,0.818840324905939,0.6118938700823422,0.5245490196078432,0.564864864864865
17,9,log_loss,0.8189458138471817,0.6131831610044313,0.5209411764705882,0.5633109999151896
17,10,log_loss,0.8193326066317381,0.6127620783956245,0.5272156862745098,0.5667790893760539
17,11,log_loss,0.8190161398080101,0.6130338733431517,0.5223529411764706,0.5640721605827052
17,12,log_loss,0.81834804318014,0.6111417539988968,0.5214117647058824,0.5627221940071101
17,13,log_loss,0.8204226590245789,0.6172337278106509,0.523607843137255,0.5665789697021133
17,14,log_loss,0.8204578220049932,0.617521763289498,0.5229803921568628,0.566332597248174
17,15,log_loss,0.8212665705545202,0.6190125276344879,0.5270588235294118,0.569346776243328
17,16,log_loss,0.8207039628678927,0.6178861788617886,0.5245490196078432,0.567404767964707
17,17,log_loss,0.8215127114174198,0.6193714390736997,0.5286274509803922,0.5704129993229519
17,18,log_loss,0.8217940152607335,0.6209961118311423,0.5261176470588236,0.5696331521739131
17,19,log_loss,0.8231302085164739,0.625443014362992,0.5259607843137255,0.5714042263122019
17,20,log_loss,0.8229192306339885,0.6250233426704015,0.5250196078431373,0.5706734867860187
18,3,log_loss,0.8128626182355216,0.5933014354066986,0.5251764705882352,0.5571642536195707
18,4,log_loss,0.8126164773726221,0.5933261955745895,0.5215686274509804,0.5551381584439437
18,5,log_loss,0.8134955518829776,0.5956420789426683,0.5231372549019608,0.5570402538834139
18,6,log_loss,0.8142691374520904,0.5984152710246714,0.5212549019607843,0.5571763916834339
18,7,log_loss,0.8140581595696051,0.5975587865733262,0.5221960784313725,0.5573413694960656
18,8,log_loss,0.8143746263933331,0.5987031700288185,0.5214117647058824,0.557390793996814
18,9,log_loss,0.8153943528253454,0.6023285428415499,0.5193725490196078,0.5577830188679246
18,10,log_loss,0.8152537009036886,0.6012646793134598,0.5220392156862745,0.5588581024349287
18,11,log_loss,0.8154295158057597,0.6025874635568513,0.5187450980392156,0.557531821630279
18,12,log_loss,0.8167657090615,0.6067498165810712,0.5189019607843137,0.5593979876553649
18,13,log_loss,0.8163789162769436,0.6047991274313761,0.5218823529411765,0.5602896598181206
18,14,log_loss,0.8181019023172404,0.6102347762289069,0.5218823529411765,0.5626109748879682
18,15,log_loss,0.8176447835718555,0.6090225563909775,0.5209411764705882,0.5615488670950287
18,16,log_loss,0.8189458138471817,0.6117389719285454,0.5264313725490196,0.5658882050417334
18,17,log_loss,0.8195084215338092,0.6139867841409692,0.5247058823529411,0.5658462319208323
18,18,log_loss,0.8196842364358803,0.614719411223551,0.5240784313725491,0.5657917019475021
18,19,log_loss,0.8207742888287212,0.6188174042394943,0.5220392156862745,0.5663234918744151
18,20,log_loss,0.8210204296916207,0.6197130613005404,0.5217254901960784,0.5665133708056549
19,3,log_loss,0.8102957206652835,0.5849809226500173,0.5290980392156863,0.5556379210938144
19,4,log_loss,0.8101550687436267,0.5839931153184166,0.532235294117647,0.5569142388182191
19,5,log_loss,0.8097682759590703,0.5838401390095569,0.5270588235294118,0.5539983511953833
19,6,log_loss,0.8096627870178277,0.5839734636871509,0.5247058823529411,0.5527555151615302
19,7,log_loss,0.8107528394106684,0.5870289219982472,0.5253333333333333,0.5544701986754967
19,8,log_loss,0.8112099581560533,0.5885875308207115,0.524235294117647,0.5545507342570314
19,9,log_loss,0.8105770245085974,0.5869412178810278,0.5231372549019608,0.5532056067015012
19,10,log_loss,0.8121593586272372,0.5913351016799293,0.5245490196078432,0.5559434746467166
19,11,log_loss,0.8126164773726221,0.5928952042628775,0.523607843137255,0.5561016243231987
19,12,log_loss,0.8136010408242202,0.5956537228357677,0.5245490196078432,0.5578446909667195
19,13,log_loss,0.8126868033334506,0.5939404804589459,0.5196862745098039,0.5543378231406341
19,14,log_loss,0.8142339744716762,0.597534833869239,0.5247058823529411,0.5587572037083438
19,15,log_loss,0.8160624494532156,0.6022158684774839,0.5286274509803922,0.5630273160136998
19,16,log_loss,0.8161679383944583,0.6030177833662655,0.5265882352941177,0.5622173840227768
19,17,log_loss,0.8161679383944583,0.601919317575973,0.5312941176470588,0.5644059323446091
19,18,log_loss,0.8178205984739266,0.6074900972272236,0.5292549019607843,0.565680274960181
19,19,log_loss,0.8176799465522697,0.6086162833150784,0.5229803921568628,0.5625580021935376
19,20,log_loss,0.8194380955729808,0.6138032305433186,0.5245490196078432,0.5656770701175674
20,3,log_loss,0.8101199057632125,0.5827252672662481,0.5386666666666666,0.5598304532116074
20,4,log_loss,0.8083969197229157,0.5793895747599451,0.5300392156862745,0.5536167772589498
20,5,log_loss,0.8107176764302543,0.5857834659287444,0.5312941176470588,0.5572098379534425
20,6,log_loss,0.8102957206652835,0.5844827586206897,0.5317647058823529,0.5568788501026694
20,7,log_loss,0.8103308836456978,0.5845835488877392,0.5317647058823529,0.5569245933957615
20,8,log_loss,0.8095572980765849,0.583376804034081,0.5262745098039215,0.553356424212436
20,9,log_loss,0.8125813143922079,0.5908537645626848,0.5330196078431373,0.5604486227939964
20,10,log_loss,0.8113506100777101,0.5884413309982487,0.5270588235294118,0.5560612329333886
20,11,log_loss,0.8110341432539822,0.5882560394992065,0.5232941176470588,0.5538768055786153
20,12,log_loss,0.8125461514117936,0.5913865546218487,0.5298823529411765,0.5589476296847853
20,13,log_loss,0.8113857730581244,0.5889808132371062,0.5248627450980392,0.555076310550763
20,14,log_loss,0.8134955518829776,0.5940298507462687,0.5306666666666666,0.5605633802816902
20,15,log_loss,0.8151833749428602,0.5991142604074402,0.5305098039215687,0.5627287853577371
20,16,log_loss,0.8148669081191322,0.598404255319149,0.5294117647058824,0.5617977528089888
20,17,log_loss,0.8157108196490734,0.6008537886872999,0.5298823529411765,0.5631407851962991
20,18,log_loss,0.8167305460810859,0.6041181736794986,0.5292549019607843,0.5642140468227425
20,19,log_loss,0.8173283167481276,0.6065366558324304,0.5269019607843137,0.5639217661378325
20,20,log_loss,0.8181370652976546,0.6087900162778079,0.528,0.5655241935483871
